DateTime,load_PJME_MW,solar_G_i__POA,solar_T2m,wind_Energy_scaled_MW,eta_eff,P_150MW_adj_MW,P_110MW_adj_MW
2018-03-01 00:00:00,19677.6,0.0,-1.56,0.0,0.203933224,0.0,0.0
2018-03-01 01:00:00,18527.2,0.0,-2.53,0.0,0.204695062,0.0,0.0
2018-03-01 02:00:00,17859.2,0.0,-3.36,0.0,0.2053469439999999,0.0,0.0
2018-03-01 03:00:00,17522.4,0.0,-4.05,0.0,0.20588887,0.0,0.0
2018-03-01 04:00:00,17480.8,0.0,-4.65,0.0,0.2063601099999999,0.0,0.0
2018-03-01 16:00:00,23475.2,0.0,0.1,6.831462088301762,0.20262946,0.0,0.0
2018-03-01 17:00:00,23683.2,0.0,-1.49,85.97150935407205,0.2038782459999999,0.0,0.0
2018-03-01 18:00:00,24388.0,0.0,-2.6,124.7343300770144,0.20475004,0.0,0.0
2018-03-01 19:00:00,25244.800000000003,0.0,-3.32,143.31152504465123,0.205315528,0.0,0.0
2018-03-01 20:00:00,24895.2,0.0,-4.19,154.2895579629012,0.205998826,0.0,0.0
2018-03-01 21:00:00,24159.2,0.0,-4.8,178.9037084841007,0.2064779199999999,0.0,0.0
2018-03-01 22:00:00,22837.6,0.0,-4.85,173.12277465082883,0.20651719,0.0,0.0
2018-03-01 23:00:00,21084.800000000003,0.0,-4.4,171.8384473099136,0.2061637599999999,0.0,0.0
2018-03-02 00:00:00,19415.2,0.0,-4.12,171.825488021169,0.205943848,0.0,0.0
2018-03-02 01:00:00,18264.0,0.0,-4.06,171.83347695595177,0.2058967239999999,0.0,0.0
2018-03-02 02:00:00,17707.2,0.0,-3.32,171.84977001869484,0.205315528,0.0,0.0
2018-03-02 03:00:00,17523.2,0.0,-2.79,171.8455512792346,0.204899266,0.0,0.0
2018-03-02 04:00:00,17596.0,0.0,-2.4,171.8676875385864,0.20459296,0.0,0.0
2018-03-02 16:00:00,23200.0,0.0,7.09,171.94659493843344,0.197139514,0.0,0.0
2018-03-02 17:00:00,23916.0,0.0,5.63,171.9111357059013,0.198286198,0.0,0.0
2018-03-02 18:00:00,25205.6,0.0,5.01,171.88472009301626,0.198773146,0.0,0.0
2018-03-02 19:00:00,26909.6,0.0,5.14,171.8771312111136,0.198671044,0.0,0.0
2018-03-02 20:00:00,27072.800000000003,0.0,5.48,171.89241808025002,0.198404008,0.0,0.0
2018-03-02 21:00:00,26637.6,0.0,5.54,171.88606572543057,0.1983568839999999,0.0,0.0
2018-03-02 22:00:00,25769.6,0.0,5.51,173.08801854154007,0.198380446,0.0,0.0
2018-03-02 23:00:00,24091.2,0.0,5.48,171.93745433626955,0.198404008,0.0,0.0
2018-03-03 00:00:00,22585.6,0.0,4.79,171.87151834798138,0.198945934,0.0,0.0
2018-03-03 01:00:00,21661.6,0.0,4.46,171.89847948752052,0.199205116,0.0,0.0
2018-03-03 02:00:00,21143.2,0.0,4.17,171.89883104914196,0.199432882,0.0,0.0
2018-03-03 03:00:00,21076.800000000003,0.0,4.24,171.90354682399865,0.199377904,0.0,0.0
2018-03-03 04:00:00,21236.800000000003,0.0,3.97,171.88487768960556,0.199589962,0.0,0.0
2018-03-03 16:00:00,25534.4,0.0,10.45,178.45472792476082,0.19450057,0.0,0.0
2018-03-03 17:00:00,26074.4,0.0,9.31,178.81825476440156,0.1953959259999999,0.0,0.0
2018-03-03 18:00:00,27308.0,0.0,8.22,178.89607111093989,0.196252012,0.0,0.0
2018-03-03 19:00:00,28779.2,0.0,7.23,178.92883907864442,0.197029558,0.0,0.0
2018-03-03 20:00:00,28774.4,0.0,6.72,178.90604818730736,0.197430112,0.0,0.0
2018-03-03 21:00:00,28355.2,0.0,6.51,178.9177103348958,0.197595046,0.0,0.0
2018-03-03 22:00:00,27627.2,0.0,6.06,178.878141468234,0.197948476,0.0,0.0
2018-03-03 23:00:00,26350.4,0.0,5.56,177.9000849138817,0.198341176,0.0,0.0
2018-03-04 00:00:00,25059.2,0.0,5.62,178.9116610504396,0.1982940519999999,0.0,0.0
2018-03-04 01:00:00,24103.2,0.0,5.51,178.89854416510624,0.198380446,0.0,0.0
2018-03-04 02:00:00,23609.6,0.0,5.66,178.9020719041379,0.198262636,0.0,0.0
2018-03-04 03:00:00,23456.800000000003,0.0,5.66,178.88096608402182,0.198262636,0.0,0.0
2018-03-04 04:00:00,23490.4,0.0,5.71,178.88345126100296,0.1982233659999999,0.0,0.0
2018-03-04 16:00:00,24088.0,0.0,7.39,26.53070688605665,0.196903894,0.0,0.0
2018-03-04 17:00:00,24656.0,0.0,6.59,4.337602899160936,0.1975322139999999,0.0,0.0
2018-03-04 18:00:00,25956.0,0.0,6.02,19.53053158778796,0.197979892,0.0,0.0
2018-03-04 19:00:00,27921.6,0.0,5.84,33.11515602062313,0.198121264,0.0,0.0
2018-03-04 20:00:00,28240.0,0.0,5.39,2.236887911517066,0.1984746939999999,0.0,0.0
2018-03-04 21:00:00,28088.800000000003,0.0,4.82,0.0,0.198922372,0.0,0.0
2018-03-04 22:00:00,27552.0,0.0,4.28,0.0,0.199346488,0.0,0.0
2018-03-04 23:00:00,26699.2,0.0,3.38,0.0,0.200053348,0.0,0.0
2018-03-05 00:00:00,25800.0,0.0,2.6,0.0,0.20066596,0.0,0.0
2018-03-05 01:00:00,25040.0,0.0,2.18,3.285185000414476,0.200995828,0.0,0.0
2018-03-05 02:00:00,24720.0,0.0,1.61,0.0,0.201443506,0.0,0.0
2018-03-05 03:00:00,24657.6,0.0,1.1,0.0,0.20184406,0.0,0.0
2018-03-05 04:00:00,24817.6,0.0,1.01,0.0,0.2019147459999999,0.0,0.0
2018-03-05 16:00:00,23146.4,0.0,9.37,11.422354528426544,0.195348802,0.0,0.0
2018-03-05 17:00:00,23788.800000000003,0.0,7.29,112.29991071106876,0.196982434,0.0,0.0
2018-03-05 18:00:00,25236.800000000003,0.0,6.1,47.19292291081913,0.19791706,0.0,0.0
2018-03-05 19:00:00,27445.6,0.0,5.34,82.39912805809811,0.198513964,0.0,0.0
2018-03-05 20:00:00,28057.6,0.0,4.83,102.5278432605411,0.198914518,0.0,0.0
2018-03-05 21:00:00,27858.4,0.0,5.29,152.0715678144827,0.198553234,0.0,0.0
2018-03-05 22:00:00,27055.2,0.0,4.44,174.13191410166422,0.199220824,0.0,0.0
2018-03-05 23:00:00,25647.2,0.0,4.29,171.88701130496474,0.199338634,0.0,0.0
2018-03-06 00:00:00,24502.4,0.0,4.77,171.93889695120018,0.198961642,0.0,0.0
2018-03-06 01:00:00,23781.6,0.0,5.28,100.50206639807732,0.198561088,0.0,0.0
2018-03-06 02:00:00,23391.2,0.0,5.6,62.77560084461464,0.19830976,0.0,0.0
2018-03-06 03:00:00,23369.6,0.0,5.64,173.99000443464746,0.1982783439999999,0.0,0.0
2018-03-06 04:00:00,23556.800000000003,0.0,5.72,174.41797615638757,0.1982155119999999,0.0,0.0
2018-03-06 07:00:00,28552.0,0.0,8.52,178.7968095054783,0.196016392,0.0,0.0
2018-03-06 16:00:00,24246.4,0.0,9.7,177.17413441072418,0.19508962,0.0,0.0
2018-03-06 17:00:00,24993.6,0.0,8.62,173.70399087118176,0.195937852,0.0,0.0
2018-03-06 18:00:00,26186.4,0.0,7.5,174.30490666516403,0.1968175,0.0,0.0
2018-03-06 19:00:00,27562.4,0.0,6.98,172.73894209683218,0.1972259079999999,0.0,0.0
2018-03-06 20:00:00,27388.800000000003,0.0,6.07,171.89644285467764,0.1979406219999999,0.0,0.0
2018-03-06 21:00:00,26660.0,0.0,5.62,171.8972914516955,0.1982940519999999,0.0,0.0
2018-03-06 22:00:00,25244.0,0.0,5.39,171.88775079665152,0.1984746939999999,0.0,0.0
2018-03-06 23:00:00,23385.6,0.0,5.16,171.90949912593803,0.1986553359999999,0.0,0.0
2018-03-07 00:00:00,21752.800000000003,0.0,4.85,171.8964913459358,0.19889881,0.0,0.0
2018-03-07 01:00:00,20633.6,0.0,5.1,171.88611421668872,0.19870246,0.0,0.0
2018-03-07 02:00:00,19986.4,0.0,5.79,171.90184962996292,0.198160534,0.0,0.0
2018-03-07 03:00:00,19747.2,0.0,6.32,171.92335550295863,0.1977442719999999,0.0,0.0
2018-03-07 04:00:00,19755.2,0.0,5.98,171.92936841897097,0.198011308,0.0,0.0
2018-03-07 07:00:00,24524.800000000003,0.0,11.68,178.85286539991583,0.193534528,0.0,0.0
2018-03-07 16:00:00,23794.4,0.0,13.27,87.46359142918352,0.1922857419999999,0.0,0.0
2018-03-07 17:00:00,24066.4,0.0,12.27,165.0965258451631,0.193071142,0.0,0.0
2018-03-07 18:00:00,24837.6,0.0,11.27,131.98684024460158,0.193856542,0.0,0.0
2018-03-07 19:00:00,26048.800000000003,0.0,10.72,171.96223336919132,0.1942885119999999,0.0,0.0
2018-03-07 20:00:00,25816.800000000003,0.0,9.8,170.04703475956325,0.19501108,0.0,0.0
2018-03-07 21:00:00,25002.4,0.0,9.43,178.4841742412811,0.195301678,0.0,0.0
2018-03-07 22:00:00,23656.800000000003,0.0,9.06,178.35164763271908,0.195592276,0.0,0.0
2018-03-07 23:00:00,21829.6,0.0,8.87,178.7952214167737,0.1957415019999999,0.0,0.0
2018-03-08 00:00:00,20208.800000000003,0.0,8.64,178.42176599202412,0.195922144,0.0,0.0
2018-03-08 01:00:00,18998.4,0.0,8.56,162.0114150182571,0.195984976,0.0,0.0
2018-03-08 02:00:00,18372.0,0.0,8.34,172.40981980485924,0.196157764,0.0,0.0
2018-03-08 03:00:00,18047.2,0.0,7.99,161.0375287121074,0.196432654,0.0,0.0
2018-03-08 04:00:00,18098.4,0.0,7.61,142.13172061070784,0.196731106,0.0,0.0
2018-03-08 16:00:00,22343.2,0.0,6.58,46.73114672073125,0.197540068,0.0,0.0
2018-03-08 17:00:00,22776.0,0.0,5.79,44.07261046118975,0.198160534,0.0,0.0
2018-03-08 18:00:00,23582.4,0.0,5.35,16.820280916766478,0.19850611,0.0,0.0
2018-03-08 19:00:00,25015.2,0.0,5.2,7.85282663992556,0.1986239199999999,0.0,0.0
2018-03-08 20:00:00,25252.0,0.0,4.72,10.252268045689856,0.199000912,0.0,0.0
2018-03-08 21:00:00,24724.800000000003,0.0,4.16,4.14995953545036,0.1994407359999999,0.0,0.0
2018-03-08 22:00:00,23509.6,0.0,3.76,0.0,0.199754896,0.0,0.0
2018-03-08 23:00:00,21880.0,0.0,3.52,0.0,0.199943392,0.0,0.0
2018-03-09 00:00:00,20327.2,0.0,3.23,0.0,0.200171158,0.0,0.0
2018-03-09 01:00:00,19272.8,0.0,2.97,0.0,0.200375362,0.0,0.0
2018-03-09 02:00:00,18720.0,0.0,3.0,3.454649824882894,0.2003517999999999,0.0,0.0
2018-03-09 03:00:00,18496.8,0.0,2.99,0.0,0.200359654,0.0,0.0
2018-03-09 04:00:00,18510.4,0.0,2.94,0.0,0.200398924,0.0,0.0
2018-03-09 16:00:00,22276.800000000003,0.0,6.99,0.0,0.197218054,0.0,0.0
2018-03-09 17:00:00,22671.2,0.0,5.96,0.0,0.1980270159999999,0.0,0.0
2018-03-09 18:00:00,23456.800000000003,0.0,4.65,0.0,0.19905589,0.0,0.0
2018-03-09 19:00:00,24790.4,0.0,3.34,4.893963182487363,0.200084764,0.0,0.0
2018-03-09 20:00:00,24875.2,0.0,3.2,10.8717643259837,0.20019472,0.0,0.0
2018-03-09 21:00:00,24308.800000000003,0.0,4.4,0.0,0.19925224,0.0,0.0
2018-03-09 22:00:00,23207.2,0.0,4.74,0.0,0.198985204,0.0,0.0
2018-03-09 23:00:00,21590.4,0.0,4.24,0.0,0.199377904,0.0,0.0
2018-03-10 00:00:00,20132.0,0.0,3.8,4.197748806884783,0.1997234799999999,0.0,0.0
2018-03-10 01:00:00,19126.4,0.0,3.34,0.0,0.200084764,0.0,0.0
2018-03-10 02:00:00,18614.4,0.0,2.26,0.0,0.200932996,0.0,0.0
2018-03-10 03:00:00,18526.4,0.0,1.55,0.0,0.20149063,0.0,0.0
2018-03-10 04:00:00,18546.4,0.0,2.14,0.0,0.201027244,0.0,0.0
2018-03-10 16:00:00,25538.4,0.0,8.43,13.50532910292254,0.196087078,0.0,0.0
2018-03-10 17:00:00,26072.800000000003,0.0,6.51,15.058185878031749,0.197595046,0.0,0.0
2018-03-10 18:00:00,27028.0,0.0,7.02,31.76621710890782,0.197194492,0.0,0.0
2018-03-10 19:00:00,28472.0,0.0,7.08,28.39697175479025,0.197147368,0.0,0.0
2018-03-10 20:00:00,28560.0,0.0,6.69,31.147583821474147,0.1974536739999999,0.0,0.0
2018-03-10 21:00:00,28223.2,0.0,5.75,83.03093884493798,0.1981919499999999,0.0,0.0
2018-03-10 22:00:00,27548.800000000003,0.0,5.1,80.25626299139037,0.19870246,0.0,0.0
2018-03-10 23:00:00,26352.800000000003,0.0,3.82,124.42725918469128,0.1997077719999999,0.0,0.0
2018-03-11 00:00:00,25207.2,0.0,3.41,152.56970638678607,0.200029786,0.0,0.0
2018-03-11 01:00:00,24332.0,0.0,3.78,145.9919035852919,0.199739188,0.0,0.0
2018-03-11 02:00:00,23969.6,0.0,4.51,170.52090345715555,0.199165846,0.0,0.0
2018-03-11 03:00:00,23895.2,0.0,5.0,154.55709635700592,0.1987809999999999,0.0,0.0
2018-03-11 04:00:00,24000.800000000003,0.0,4.32,146.04229812533853,0.1993150719999999,0.0,0.0
2018-03-11 16:00:00,25068.800000000003,0.0,9.26,17.18266821184012,0.1954351959999999,0.0,0.0
2018-03-11 17:00:00,25540.0,0.0,7.37,16.556988538454515,0.1969196019999999,0.0,0.0
2018-03-11 18:00:00,26608.800000000003,0.0,7.48,13.322697386510802,0.1968332079999999,0.0,0.0
2018-03-11 19:00:00,28439.2,0.0,7.94,0.0,0.1964719239999999,0.0,0.0
2018-03-11 20:00:00,28762.4,0.0,7.57,0.0,0.196762522,0.0,0.0
2018-03-11 21:00:00,28460.0,0.0,7.28,5.228423301238104,0.1969902879999999,0.0,0.0
2018-03-11 22:00:00,27788.0,0.0,7.11,0.0,0.197123806,0.0,0.0
2018-03-11 23:00:00,26776.800000000003,0.0,6.96,0.3379125874161169,0.1972416159999999,0.0,0.0
2018-03-12 00:00:00,25691.2,0.0,6.73,29.480148264730804,0.197422258,0.0,0.0
2018-03-12 01:00:00,24748.0,0.0,6.51,34.752648225450194,0.197595046,0.0,0.0
2018-03-12 02:00:00,24307.2,0.0,6.32,79.53661029038652,0.1977442719999999,0.0,0.0
2018-03-12 03:00:00,24284.800000000003,0.0,6.03,64.24355245738242,0.1979720379999999,0.0,0.0
2018-03-12 04:00:00,23988.0,0.0,5.66,79.29345087632346,0.198262636,0.0,0.0
2018-03-12 16:00:00,24740.800000000003,0.0,12.22,136.9445016195809,0.1931104119999999,0.0,0.0
2018-03-12 17:00:00,24743.2,0.0,11.25,120.1816070761478,0.19387225,0.0,0.0
2018-03-12 18:00:00,25262.4,0.0,7.24,164.55921845907758,0.197021704,0.0,0.0
2018-03-12 19:00:00,25243.2,0.0,5.68,155.12336514703009,0.198246928,0.0,0.0
2018-03-12 20:00:00,28227.2,0.0,4.93,173.3645884324781,0.198835978,0.0,0.0
2018-03-12 21:00:00,28809.6,0.0,4.5,176.27814931081434,0.1991736999999999,0.0,0.0
2018-03-12 22:00:00,28190.4,0.0,4.38,174.35148251863052,0.199267948,0.0,0.0
2018-03-12 23:00:00,26970.4,0.0,4.25,171.86406281703844,0.19937005,0.0,0.0
2018-03-13 00:00:00,25571.2,0.0,4.16,166.71106653136044,0.1994407359999999,0.0,0.0
2018-03-13 01:00:00,24611.2,0.0,4.11,89.89500372759578,0.199480006,0.0,0.0
2018-03-13 02:00:00,24172.800000000003,0.0,4.09,172.28425169184374,0.199495714,0.0,0.0
2018-03-13 03:00:00,24284.800000000003,0.0,3.94,171.8990735054328,0.199613524,0.0,0.0
2018-03-13 04:00:00,24477.6,0.0,3.86,171.9349691592889,0.1996763559999999,0.0,0.0
2018-03-13 16:00:00,25420.800000000003,0.0,10.51,128.2822293490222,0.1944534459999999,0.0,0.0
2018-03-13 17:00:00,25775.2,0.0,9.18,137.58082815483718,0.195498028,0.0,0.0
2018-03-13 18:00:00,26701.6,0.0,8.25,106.24283128536754,0.19622845,0.0,0.0
2018-03-13 19:00:00,27735.2,0.0,7.97,135.94187212015427,0.196448362,0.0,0.0
2018-03-13 20:00:00,29115.2,0.0,6.87,178.88563336762033,0.1973123019999999,0.0,0.0
2018-03-13 21:00:00,28974.4,0.0,6.74,178.85132580246935,0.197414404,0.0,0.0
2018-03-13 22:00:00,27995.2,0.0,6.62,178.9055996431691,0.1975086519999999,0.0,0.0
2018-03-13 23:00:00,26536.800000000003,0.0,6.2,178.92232912723566,0.19783852,0.0,0.0
2018-03-14 00:00:00,25135.2,0.0,5.69,178.94090127911244,0.198239074,0.0,0.0
2018-03-14 01:00:00,23989.6,0.0,5.27,178.92928762278217,0.198568942,0.0,0.0
2018-03-14 02:00:00,23393.6,0.0,4.64,178.9373250488231,0.199063744,0.0,0.0
2018-03-14 03:00:00,23112.800000000003,0.0,4.13,178.9275419374883,0.1994642979999999,0.0,0.0
2018-03-14 04:00:00,23143.2,0.0,3.54,178.90550266065276,0.199927684,0.0,0.0
2018-03-14 16:00:00,27198.4,0.0,8.32,124.55040273479858,0.196173472,0.0,0.0
2018-03-14 17:00:00,27428.800000000003,0.0,7.74,33.09059519836309,0.196629004,0.0,0.0
2018-03-14 18:00:00,28108.800000000003,0.0,7.12,135.65953176949478,0.1971159519999999,0.0,0.0
2018-03-14 19:00:00,28684.800000000003,0.0,5.46,158.8304612195901,0.1984197159999999,0.0,0.0
2018-03-14 20:00:00,29952.800000000003,0.0,5.71,76.26791762147901,0.1982233659999999,0.0,0.0
2018-03-14 21:00:00,29972.0,0.0,5.12,43.21118750553649,0.1986867519999999,0.0,0.0
2018-03-14 22:00:00,29036.800000000003,0.0,3.96,113.00560399112852,0.199597816,0.0,0.0
2018-03-14 23:00:00,27660.800000000003,0.0,2.47,89.68267869231784,0.200768062,0.0,0.0
2018-03-15 00:00:00,26371.2,0.0,1.91,168.526506500131,0.201207886,0.0,0.0
2018-03-15 01:00:00,25533.6,0.0,1.76,175.94411727895206,0.201325696,0.0,0.0
2018-03-15 02:00:00,25161.6,0.0,1.88,145.89050836447112,0.2012314479999999,0.0,0.0
2018-03-15 03:00:00,25075.2,0.0,1.48,110.35789643567556,0.201545608,0.0,0.0
2018-03-15 04:00:00,25322.4,0.0,1.13,122.64682990431508,0.201820498,0.0,0.0
2018-03-15 16:00:00,30664.0,0.0,7.59,0.0,0.196746814,0.0,0.0
2018-03-15 17:00:00,30821.6,0.0,5.65,8.425413689353043,0.19827049,0.0,0.0
2018-03-15 18:00:00,31101.6,0.0,4.66,25.300682177525665,0.1990480359999999,0.0,0.0
2018-03-15 19:00:00,31404.0,0.0,3.71,33.84573137752824,0.199794166,0.0,0.0
2018-03-15 20:00:00,32412.800000000003,0.0,2.84,63.67937485286696,0.200477464,0.0,0.0
2018-03-15 21:00:00,32292.0,0.0,2.4,82.77149242953898,0.20082304,0.0,0.0
2018-03-15 22:00:00,31044.800000000003,0.0,1.96,72.18274733182909,0.201168616,0.0,0.0
2018-03-15 23:00:00,29258.4,0.0,1.42,75.69733310947878,0.201592732,0.0,0.0
2018-03-16 00:00:00,27558.4,0.0,0.89,62.49787928629499,0.202008994,0.0,0.0
2018-03-16 01:00:00,26393.6,0.0,0.68,64.74511572479395,0.202173928,0.0,0.0
2018-03-16 02:00:00,25744.800000000003,0.0,0.45,66.1286561799126,0.2023545699999999,0.0,0.0
2018-03-16 03:00:00,25457.6,0.0,-0.2,58.353070810511056,0.20286508,0.0,0.0
2018-03-16 04:00:00,25559.2,0.0,-1.31,110.29751269644716,0.203736874,0.0,0.0
2018-03-16 16:00:00,26718.4,0.0,8.12,123.5870996457429,0.196330552,0.0,0.0
2018-03-16 17:00:00,26656.0,0.0,7.73,178.9426954556645,0.1966368579999999,0.0,0.0
2018-03-16 18:00:00,27006.4,0.0,5.19,178.91895898479325,0.198631774,0.0,0.0
2018-03-16 19:00:00,27710.4,0.0,3.11,178.9181103877754,0.2002654059999999,0.0,0.0
2018-03-16 20:00:00,29308.800000000003,0.0,2.11,178.90848487302983,0.201050806,0.0,0.0
2018-03-16 21:00:00,29664.800000000003,0.0,2.63,178.93146972939954,0.200642398,0.0,0.0
2018-03-16 22:00:00,28696.800000000003,0.0,2.4,178.9322092210868,0.20082304,0.0,0.0
2018-03-16 23:00:00,27063.2,0.0,2.37,178.9417498761303,0.200846602,0.0,0.0
2018-03-17 00:00:00,25508.0,0.0,2.51,178.93633097803072,0.200736646,0.0,0.0
2018-03-17 01:00:00,24336.0,0.0,2.37,178.94710816015743,0.200846602,0.0,0.0
2018-03-17 02:00:00,23768.0,0.0,2.45,178.94855077508805,0.2007837699999999,0.0,0.0
2018-03-17 03:00:00,23623.2,0.0,3.19,178.95227247915187,0.200202574,0.0,0.0
2018-03-17 04:00:00,23787.2,0.0,3.82,178.956442727354,0.1997077719999999,0.0,0.0
2018-03-17 16:00:00,24262.4,0.0,13.85,178.94075580533794,0.19183021,0.0,0.0
2018-03-17 17:00:00,24396.800000000003,0.0,11.9,178.92611144537244,0.1933617399999999,0.0,0.0
2018-03-17 18:00:00,24950.4,0.0,10.83,178.90837576769923,0.1942021179999999,0.0,0.0
2018-03-17 19:00:00,25512.0,0.0,10.57,178.90728471439053,0.194406322,0.0,0.0
2018-03-17 20:00:00,26596.800000000003,0.0,10.5,178.91026692676763,0.1944613,0.0,0.0
2018-03-17 21:00:00,26662.4,0.0,10.03,178.9190559673096,0.194830438,0.0,0.0
2018-03-17 22:00:00,25957.6,0.0,9.56,178.93265776522458,0.195199576,0.0,0.0
2018-03-17 23:00:00,24717.6,0.0,9.18,178.92228063597747,0.195498028,0.0,0.0
2018-03-18 00:00:00,23413.6,0.0,8.92,178.88102669809476,0.1957022319999999,0.0,0.0
2018-03-18 01:00:00,22245.6,0.0,8.74,178.9264023929214,0.1958436039999999,0.0,0.0
2018-03-18 02:00:00,21608.800000000003,0.0,8.42,178.95162996998147,0.1960949319999999,0.0,0.0
2018-03-18 03:00:00,21232.800000000003,0.0,8.31,178.91573431612537,0.196181326,0.0,0.0
2018-03-18 04:00:00,21049.6,0.93,7.75,178.9374341541537,0.196580571,0.0,0.0
2018-03-18 16:00:00,23668.0,0.0,15.42,178.82858340239045,0.190597132,0.0,0.0
2018-03-18 17:00:00,23800.0,0.0,13.84,178.7478454575475,0.1918380639999999,0.0,0.0
2018-03-18 18:00:00,24156.800000000003,0.0,12.94,177.33942898699027,0.1925449239999999,0.0,0.0
2018-03-18 19:00:00,24634.4,0.0,12.39,177.44047264618962,0.192976894,0.0,0.0
2018-03-18 20:00:00,25572.800000000003,0.0,11.87,177.94860041767473,0.193385302,0.0,0.0
2018-03-18 21:00:00,25539.2,0.0,11.47,174.9119444804893,0.193699462,0.0,0.0
2018-03-18 22:00:00,24908.0,0.0,11.03,100.97537744620074,0.194045038,0.0,0.0
2018-03-18 23:00:00,23856.0,0.0,10.76,69.46165431855263,0.194257096,0.0,0.0
2018-03-19 00:00:00,22674.4,0.0,10.4,82.8468175376895,0.1945398399999999,0.0,0.0
2018-03-19 01:00:00,21632.0,0.0,9.62,38.18968132777732,0.1951524519999999,0.0,0.0
2018-03-19 02:00:00,21009.6,0.0,8.89,73.7853167386676,0.1957257939999999,0.0,0.0
2018-03-19 03:00:00,20702.4,0.0,8.19,86.433449202156,0.1962755739999999,0.0,0.0
2018-03-19 16:00:00,21199.2,0.0,14.58,50.66269973522116,0.191256868,0.0,0.0
2018-03-19 17:00:00,21472.0,0.0,12.28,87.64136038161251,0.193063288,0.0,0.0
2018-03-19 18:00:00,22228.800000000003,0.0,10.68,101.12568216228748,0.194319928,0.0,0.0
2018-03-19 19:00:00,23121.6,0.0,9.72,153.62085139000573,0.1950739119999999,0.0,0.0
2018-03-19 20:00:00,24731.2,0.0,8.75,164.13371979150384,0.19583575,0.0,0.0
2018-03-19 21:00:00,25285.6,0.0,8.16,151.61955655150757,0.196299136,0.0,0.0
2018-03-19 22:00:00,24607.2,0.0,7.66,170.2563351526131,0.1966918359999999,0.0,0.0
2018-03-19 23:00:00,23341.6,0.0,7.07,178.51546322561114,0.197155222,0.0,0.0
2018-03-20 00:00:00,22039.2,0.0,6.49,178.90212039539608,0.197610754,0.0,0.0
2018-03-20 01:00:00,21089.6,0.0,6.07,178.92540832212904,0.1979406219999999,0.0,0.0
2018-03-20 02:00:00,20657.6,0.0,6.1,178.89894421798633,0.19791706,0.0,0.0
2018-03-20 03:00:00,20608.800000000003,0.0,6.31,178.87942648657537,0.197752126,0.0,0.0
2018-03-20 16:00:00,23433.6,0.0,12.04,110.0699432218838,0.1932517839999999,0.0,0.0
2018-03-20 17:00:00,23872.0,0.0,10.53,113.83350736457572,0.194437738,0.0,0.0
2018-03-20 18:00:00,24446.4,0.0,9.81,70.4243148984379,0.1950032259999999,0.0,0.0
2018-03-20 19:00:00,25050.4,0.0,9.2,171.03522598687132,0.19548232,0.0,0.0
2018-03-20 20:00:00,26250.4,0.0,8.52,170.88318164689832,0.196016392,0.0,0.0
2018-03-20 21:00:00,26218.4,0.0,7.64,166.06872708009186,0.1967075439999999,0.0,0.0
2018-03-20 22:00:00,25137.6,0.0,6.79,178.61243361912472,0.197375134,0.0,0.0
2018-03-20 23:00:00,23286.4,0.0,6.01,178.77828584485968,0.197987746,0.0,0.0
2018-03-21 00:00:00,21596.800000000003,0.0,5.27,153.5225838553365,0.198568942,0.0,0.0
2018-03-21 01:00:00,20449.6,0.0,4.48,137.41721864979206,0.1991894079999999,0.0,0.0
2018-03-21 02:00:00,19816.0,0.0,3.46,159.74296971571906,0.199990516,0.0,0.0
2018-03-21 03:00:00,19570.4,0.0,2.77,164.3381468131082,0.2005324419999999,0.0,0.0
2018-03-21 16:00:00,22367.2,0.0,12.58,178.54183034723803,0.1928276679999999,0.0,0.0
2018-03-21 17:00:00,22537.6,0.0,10.45,178.89875025295368,0.19450057,0.0,0.0
2018-03-21 18:00:00,22961.6,0.0,8.11,170.71073461005307,0.196338406,0.0,0.0
2018-03-21 19:00:00,23410.4,0.0,7.46,130.6981001991934,0.1968489159999999,0.0,0.0
2018-03-21 20:00:00,24686.4,0.0,6.67,28.39865985671506,0.197469382,0.0,0.0
2018-03-21 21:00:00,25068.0,0.0,5.83,29.107011063862984,0.198129118,0.0,0.0
2018-03-21 22:00:00,24112.800000000003,0.0,4.98,0.0,0.1987967079999999,0.0,0.0
2018-03-21 23:00:00,22414.4,0.0,4.83,0.0,0.198914518,0.0,0.0
2018-03-22 00:00:00,20866.4,0.0,5.49,14.438655502321993,0.198396154,0.0,0.0
2018-03-22 01:00:00,19700.800000000003,0.0,5.34,26.457085033349248,0.198513964,0.0,0.0
2018-03-22 02:00:00,19042.4,0.0,5.23,8.553653367623058,0.1986003579999999,0.0,0.0
2018-03-22 03:00:00,18843.2,0.0,4.91,50.70053503940382,0.1988516859999999,0.0,0.0
2018-03-22 16:00:00,24250.4,0.0,15.84,165.59740417355317,0.190267264,0.0,0.0
2018-03-22 17:00:00,24632.0,0.0,15.01,178.0240285697487,0.190919146,0.0,0.0
2018-03-22 18:00:00,25288.0,0.0,14.43,98.16361184156486,0.191374678,0.0,0.0
2018-03-22 19:00:00,26176.0,0.0,13.67,177.93564112893063,0.191971582,0.0,0.0
2018-03-22 20:00:00,27872.800000000003,0.0,12.48,111.01646833561476,0.192906208,0.0,0.0
2018-03-22 21:00:00,28573.6,0.0,11.56,41.89760781313361,0.1936287759999999,0.0,0.0
2018-03-22 22:00:00,27772.0,0.0,11.61,45.93832374186176,0.193589506,0.0,0.0
2018-03-22 23:00:00,26190.4,0.0,11.25,83.6502328257644,0.19387225,0.0,0.0
2018-03-23 00:00:00,24700.0,0.0,11.39,102.4517241080385,0.193762294,0.0,0.0
2018-03-23 01:00:00,23742.4,0.0,10.85,62.07233818887021,0.1941864099999999,0.0,0.0
2018-03-23 02:00:00,23307.2,0.0,11.31,20.051483781705866,0.193825126,0.0,0.0
2018-03-23 03:00:00,23311.2,0.0,11.07,96.10412143186286,0.194013622,0.0,0.0
2018-03-23 16:00:00,23960.800000000003,0.0,16.69,0.0,0.189599674,0.0,0.0
2018-03-23 17:00:00,24052.0,0.0,15.9,76.9117481789364,0.1902201399999999,0.0,0.0
2018-03-23 18:00:00,24522.4,0.0,14.75,1.9443844750546984,0.1911233499999999,0.0,0.0
2018-03-23 19:00:00,25135.2,0.0,11.32,28.66431618386257,0.1938172719999999,0.0,0.0
2018-03-23 20:00:00,26688.800000000003,0.0,10.71,65.05099251988443,0.194296366,0.0,0.0
2018-03-23 21:00:00,27432.800000000003,0.0,10.14,78.48039795068874,0.194744044,0.0,0.0
2018-03-23 22:00:00,26680.0,0.0,10.0,63.10049227431303,0.194854,0.0,0.0
2018-03-23 23:00:00,25164.800000000003,0.0,9.38,81.05307740694732,0.195340948,0.0,0.0
2018-03-24 00:00:00,23692.0,0.0,9.0,36.855301916325736,0.1956394,0.0,0.0
2018-03-24 01:00:00,22646.4,0.0,9.07,51.851641740624615,0.1955844219999999,0.0,0.0
2018-03-24 02:00:00,22123.2,0.0,9.07,41.42075084175676,0.1955844219999999,0.0,0.0
2018-03-24 03:00:00,21953.6,0.0,8.15,57.37134104335308,0.19630699,0.0,0.0
2018-03-24 16:00:00,23289.6,0.0,6.91,1.765817879312707,0.197280886,0.0,0.0
2018-03-24 17:00:00,23246.4,0.0,6.39,10.349800634727508,0.197689294,0.0,0.0
2018-03-24 18:00:00,23504.0,0.0,5.75,23.37254700943032,0.1981919499999999,0.0,0.0
2018-03-24 19:00:00,23593.6,0.0,5.71,26.67265595222065,0.1982233659999999,0.0,0.0
2018-03-24 20:00:00,24373.6,0.0,4.95,20.705112604015778,0.19882027,0.0,0.0
2018-03-24 21:00:00,24476.800000000003,0.0,4.0,8.706813764209757,0.1995663999999999,0.0,0.0
2018-03-24 22:00:00,23667.2,0.0,3.14,5.95731964832932,0.200241844,0.0,0.0
2018-03-24 23:00:00,22314.4,0.0,2.47,39.49808760907483,0.200768062,0.0,0.0
2018-03-25 00:00:00,20857.6,0.0,2.36,44.92182574260024,0.200854456,0.0,0.0
2018-03-25 01:00:00,19631.2,0.0,2.26,17.280125033286904,0.200932996,0.0,0.0
2018-03-25 02:00:00,18816.8,0.0,2.02,30.66065279121368,0.2011214919999999,0.0,0.0
2018-03-25 03:00:00,18408.0,0.0,1.52,20.381425879012397,0.2015141919999999,0.0,0.0
2018-03-25 16:00:00,20613.6,0.0,10.32,40.00885512342649,0.194602672,0.0,0.0
2018-03-25 17:00:00,20890.4,0.0,8.83,11.56125925278895,0.195772918,0.0,0.0
2018-03-25 18:00:00,21128.800000000003,0.0,8.81,106.24591048026096,0.195788626,0.0,0.0
2018-03-25 19:00:00,21364.800000000003,0.0,7.33,118.50937391554965,0.196951018,0.0,0.0
2018-03-25 20:00:00,22144.0,0.0,5.53,178.83151712350937,0.1983647379999999,0.0,0.0
2018-03-25 21:00:00,22176.800000000003,0.0,4.12,170.77944672287134,0.199472152,0.0,0.0
2018-03-25 22:00:00,21563.2,0.0,3.45,151.62784855665362,0.1999983699999999,0.0,0.0
2018-03-25 23:00:00,20563.2,0.0,3.73,178.96806850649904,0.199778458,0.0,0.0
2018-03-26 00:00:00,19385.6,0.0,3.75,177.7235161200925,0.1997627499999999,0.0,0.0
2018-03-26 01:00:00,18301.6,0.0,3.75,178.96766845361893,0.1997627499999999,0.0,0.0
2018-03-26 02:00:00,17628.8,0.0,3.56,178.95272102329014,0.199911976,0.0,0.0
2018-03-26 03:00:00,17296.0,0.0,3.54,178.94065882282163,0.199927684,0.0,0.0
2018-03-26 16:00:00,22723.2,0.0,13.18,75.70249742847324,0.1923564279999999,0.0,0.0
2018-03-26 17:00:00,23072.0,0.0,11.64,88.9035878316198,0.193565944,0.0,0.0
2018-03-26 18:00:00,23663.2,0.0,10.76,42.889884428942246,0.194257096,0.0,0.0
2018-03-26 19:00:00,24036.0,0.0,9.85,36.34740750902028,0.19497181,0.0,0.0
2018-03-26 20:00:00,24929.6,0.0,9.29,106.00860638562143,0.195411634,0.0,0.0
2018-03-26 21:00:00,24866.4,0.0,8.64,152.0441581308053,0.195922144,0.0,0.0
2018-03-26 22:00:00,23900.0,0.0,8.3,178.45329743264497,0.19618918,0.0,0.0
2018-03-26 23:00:00,22405.6,0.0,8.29,178.9052965728058,0.196197034,0.0,0.0
2018-03-27 00:00:00,20944.800000000003,0.0,7.7,172.7286619501014,0.19666042,0.0,0.0
2018-03-27 01:00:00,19916.800000000003,0.0,7.11,58.74887464386655,0.197123806,0.0,0.0
2018-03-27 02:00:00,19345.6,0.0,6.55,178.9091758734589,0.19756363,0.0,0.0
2018-03-27 03:00:00,19096.0,0.0,6.05,178.04696493486026,0.1979563299999999,0.0,0.0
2018-03-27 16:00:00,23200.800000000003,0.0,13.85,82.1700189860883,0.19183021,0.0,0.0
2018-03-27 17:00:00,23067.2,0.0,12.54,178.2849115386707,0.192859084,0.0,0.0
2018-03-27 18:00:00,23207.2,0.0,11.67,176.25327329537626,0.1935423819999999,0.0,0.0
2018-03-27 19:00:00,23364.0,0.0,11.06,145.81164945588176,0.1940214759999999,0.0,0.0
2018-03-27 20:00:00,24399.2,0.0,10.17,65.71766245993702,0.194720482,0.0,0.0
2018-03-27 21:00:00,24688.0,0.0,8.77,0.0,0.195820042,0.0,0.0
2018-03-27 22:00:00,23527.2,0.0,7.45,0.0,0.19685677,0.0,0.0
2018-03-27 23:00:00,21720.800000000003,0.0,6.29,0.0,0.1977678339999999,0.0,0.0
2018-03-28 00:00:00,20043.2,0.0,7.55,49.31843113780805,0.1967782299999999,0.0,0.0
2018-03-28 01:00:00,18798.4,0.0,7.02,66.62848588484454,0.197194492,0.0,0.0
2018-03-28 02:00:00,18121.6,0.0,5.84,38.42413959170358,0.198121264,0.0,0.0
2018-03-28 03:00:00,17828.0,0.0,4.35,23.798656363786804,0.19929151,0.0,0.0
2018-03-28 16:00:00,23708.800000000003,0.0,15.71,42.38576627836634,0.190369366,0.0,0.0
2018-03-28 17:00:00,24027.2,0.0,13.64,51.75689588357943,0.191995144,0.0,0.0
2018-03-28 18:00:00,24465.6,0.0,12.37,119.55128133408908,0.1929926019999999,0.0,0.0
2018-03-28 19:00:00,24605.6,0.0,12.71,112.5699827734128,0.192725566,0.0,0.0
2018-03-28 20:00:00,25182.4,0.0,12.57,126.0864845652867,0.192835522,0.0,0.0
2018-03-28 21:00:00,25041.6,0.0,12.1,96.13053704474744,0.19320466,0.0,0.0
2018-03-28 22:00:00,23841.6,0.0,10.76,127.84154079482836,0.194257096,0.0,0.0
2018-03-28 23:00:00,21953.6,0.0,9.38,154.5763595093118,0.195340948,0.0,0.0
2018-03-29 00:00:00,20251.2,0.0,8.52,146.07854534081608,0.196016392,0.0,0.0
2018-03-29 01:00:00,19112.0,0.0,7.67,149.2103896177778,0.1966839819999999,0.0,0.0
2018-03-29 02:00:00,18411.2,0.0,7.13,165.4213687836033,0.197108098,0.0,0.0
2018-03-29 03:00:00,18108.0,0.0,6.34,172.59801437779348,0.197728564,0.0,0.0
2018-03-29 16:00:00,21788.800000000003,0.0,4.56,9.332661641647125,0.199126576,0.0,0.0
2018-03-29 17:00:00,22032.0,0.0,3.83,1.1706599486901847,0.199699918,0.0,0.0
2018-03-29 18:00:00,22370.4,0.0,3.4,0.0,0.20003764,0.0,0.0
2018-03-29 19:00:00,22713.6,0.0,2.67,30.549110774622086,0.200610982,0.0,0.0
2018-03-29 20:00:00,23780.800000000003,0.0,2.52,15.674767379104363,0.2007287919999999,0.0,0.0
2018-03-29 21:00:00,24445.6,0.0,2.38,4.452396860753148,0.2008387479999999,0.0,0.0
2018-03-29 22:00:00,23581.6,0.0,2.22,0.0,0.2009644119999999,0.0,0.0
2018-03-29 23:00:00,21879.2,0.0,2.19,0.0,0.200987974,0.0,0.0
2018-03-30 00:00:00,20427.2,0.0,2.24,0.0,0.2009487039999999,0.0,0.0
2018-03-30 01:00:00,19332.0,0.0,1.65,0.0,0.20141209,0.0,0.0
2018-03-30 02:00:00,18824.8,0.0,1.39,0.0,0.201616294,0.0,0.0
2018-03-30 03:00:00,18686.4,0.0,1.27,0.0,0.201710542,0.0,0.0
2018-03-30 16:00:00,23666.4,0.0,7.68,0.0,0.196676128,0.0,0.0
2018-03-30 17:00:00,24081.6,0.0,6.18,0.9790381234919252,0.197854228,0.0,0.0
2018-03-30 18:00:00,24631.2,0.0,5.6,10.562746206574907,0.19830976,0.0,0.0
2018-03-30 19:00:00,24991.2,0.0,6.1,6.116350139019551,0.19791706,0.0,0.0
2018-03-30 20:00:00,25826.4,0.0,5.83,17.52631515098521,0.198129118,0.0,0.0
2018-03-30 21:00:00,25747.2,0.0,5.5,7.011491187966717,0.1983883,0.0,0.0
2018-03-30 22:00:00,24697.6,0.0,5.2,18.73331560399924,0.1986239199999999,0.0,0.0
2018-03-30 23:00:00,22939.2,0.0,4.9,45.616802454605775,0.19885954,0.0,0.0
2018-03-31 00:00:00,21368.800000000003,0.0,3.68,37.7506566298792,0.1998177279999999,0.0,0.0
2018-03-31 01:00:00,20221.6,0.0,2.31,40.28654031330228,0.2008937259999999,0.0,0.0
2018-03-31 02:00:00,19608.8,0.0,1.59,67.75064027423812,0.201459214,0.0,0.0
2018-03-31 03:00:00,19320.8,0.0,1.1,100.33011033522088,0.20184406,0.0,0.0
2018-03-31 16:00:00,25898.4,0.0,12.31,162.77053354199924,0.193039726,0.0,0.0
2018-03-31 17:00:00,25852.0,0.0,9.22,178.95515770901264,0.195466612,0.0,0.0
2018-03-31 18:00:00,25848.800000000003,0.0,7.19,178.96648041779392,0.1970609739999999,0.0,0.0
2018-03-31 19:00:00,25632.0,0.0,6.53,178.96638343527758,0.1975793379999999,0.0,0.0
2018-03-31 20:00:00,25888.800000000003,0.0,6.23,178.94616258062322,0.1978149579999999,0.0,0.0
2018-03-31 21:00:00,25514.4,0.0,6.02,178.96404373207142,0.197979892,0.0,0.0
2018-03-31 22:00:00,24576.800000000003,0.0,5.77,178.95366660282434,0.198176242,0.0,0.0
2018-03-31 23:00:00,23108.800000000003,0.0,5.79,178.95307258491158,0.198160534,0.0,0.0
2018-04-01 00:00:00,21501.6,0.0,5.9,178.939070734117,0.19807414,0.0,0.0
2018-04-01 01:00:00,20477.6,0.0,5.49,178.90346602780988,0.198396154,0.0,0.0
2018-04-01 02:00:00,19747.2,0.0,4.88,178.89908969176082,0.1988752479999999,0.0,0.0
2018-04-01 03:00:00,19361.6,0.0,4.09,178.91429170119522,0.199495714,0.0,0.0
2018-04-01 16:00:00,21376.0,0.0,16.42,0.0,0.189811732,0.0,0.0
2018-04-01 17:00:00,21631.2,0.0,14.5,178.2254733789765,0.1913196999999999,0.0,0.0
2018-04-01 18:00:00,21977.6,0.0,13.52,146.9732332995698,0.1920893919999999,0.0,0.0
2018-04-01 19:00:00,22313.6,0.0,12.34,91.24070281712513,0.193016164,0.0,0.0
2018-04-01 20:00:00,23212.800000000003,0.0,11.49,0.0,0.1936837539999999,0.0,0.0
2018-04-01 21:00:00,23522.4,0.0,10.86,152.24327535964122,0.194178556,0.0,0.0
2018-04-01 22:00:00,22930.4,0.0,10.45,16.302239713690273,0.19450057,0.0,0.0
2018-04-01 23:00:00,21888.800000000003,0.0,10.03,22.39406918727294,0.194830438,0.0,0.0
2018-04-02 00:00:00,20716.0,0.0,9.53,50.94761921467434,0.195223138,0.0,0.0
2018-04-02 01:00:00,19669.6,0.0,9.31,0.0,0.1953959259999999,0.0,0.0
2018-04-02 02:00:00,19007.2,0.0,8.69,0.0,0.1958828739999999,0.0,0.0
2018-04-02 03:00:00,18676.8,0.0,8.08,0.0,0.1963619679999999,0.0,0.0
2018-04-02 16:00:00,18873.6,0.0,7.09,11.253234446496664,0.197139514,0.0,0.0
2018-04-02 17:00:00,19275.2,0.0,5.77,38.10629151725352,0.198176242,0.0,0.0
2018-04-02 18:00:00,19948.800000000003,0.0,4.85,36.81318422790673,0.19889881,0.0,0.0
2018-04-02 19:00:00,20552.0,0.0,3.99,29.585083347397564,0.199574254,0.0,0.0
2018-04-02 20:00:00,21792.0,0.0,3.1,62.27741378105265,0.20027326,0.0,0.0
2018-04-02 21:00:00,22686.4,0.0,2.78,43.03718874842975,0.200524588,0.0,0.0
2018-04-02 22:00:00,21888.0,0.0,2.82,56.044808123612775,0.200493172,0.0,0.0
2018-04-02 23:00:00,20554.4,0.0,3.02,61.39106631870313,0.200336092,0.0,0.0
2018-04-03 00:00:00,19272.0,0.0,3.01,16.899535332179994,0.200343946,0.0,0.0
2018-04-03 01:00:00,18301.6,0.0,2.71,18.13756412901165,0.200579566,0.0,0.0
2018-04-03 02:00:00,17808.0,0.0,2.32,8.487492349589706,0.200885872,0.0,0.0
2018-04-03 03:00:00,17692.0,0.0,2.02,0.0,0.2011214919999999,0.0,0.0
2018-04-03 16:00:00,22240.0,0.0,9.03,4.517178908632446,0.195615838,0.0,0.0
2018-04-03 17:00:00,22470.4,0.0,6.99,10.04710835148139,0.197218054,0.0,0.0
2018-04-03 18:00:00,22873.6,0.0,5.76,10.100114600385965,0.198184096,0.0,0.0
2018-04-03 19:00:00,23160.0,0.0,6.45,17.264182016813695,0.19764217,0.0,0.0
2018-04-03 20:00:00,24156.0,0.0,5.99,2.6515457521877925,0.198003454,0.0,0.0
2018-04-03 21:00:00,24191.2,0.0,5.66,0.1519742904675165,0.198262636,0.0,0.0
2018-04-03 22:00:00,22968.800000000003,0.0,5.17,0.3854415971758628,0.198647482,0.0,0.0
2018-04-03 23:00:00,21228.800000000003,0.0,4.68,4.055189811614168,0.199032328,0.0,0.0
2018-04-04 00:00:00,19662.4,0.0,4.28,2.757867760605631,0.199346488,0.0,0.0
2018-04-04 01:00:00,18511.2,0.0,3.89,0.0,0.1996527939999999,0.0,0.0
2018-04-04 02:00:00,17843.2,0.0,3.05,0.0,0.20031253,0.0,0.0
2018-04-04 03:00:00,17499.2,0.0,2.1,0.0,0.20105866,0.0,0.0
2018-04-04 16:00:00,22967.2,0.0,12.56,0.0,0.1928433759999999,0.0,0.0
2018-04-04 17:00:00,23106.4,0.0,10.36,0.0,0.194571256,0.0,0.0
2018-04-04 18:00:00,23329.6,0.0,10.37,0.0,0.194563402,0.0,0.0
2018-04-04 19:00:00,23439.2,0.0,9.84,0.0,0.194979664,0.0,0.0
2018-04-04 20:00:00,24029.6,0.0,9.12,0.0,0.195545152,0.0,0.0
2018-04-04 21:00:00,24402.4,0.0,8.4,14.541719125494009,0.19611064,0.0,0.0
2018-04-04 22:00:00,23240.800000000003,0.0,7.18,9.500813413765586,0.197068828,0.0,0.0
2018-04-04 23:00:00,21290.4,0.0,6.18,0.4440598331501138,0.197854228,0.0,0.0
2018-04-05 00:00:00,19526.4,0.0,5.75,2.2175319439126104,0.1981919499999999,0.0,0.0
2018-04-05 01:00:00,18221.6,0.0,6.29,0.0,0.1977678339999999,0.0,0.0
2018-04-05 02:00:00,17475.2,0.0,6.84,0.0,0.197335864,0.0,0.0
2018-04-05 03:00:00,17084.0,0.0,6.24,0.0,0.197807104,0.0,0.0
2018-04-05 16:00:00,22008.0,0.0,16.16,0.0,0.190015936,0.0,0.0
2018-04-05 17:00:00,22292.800000000003,0.0,14.74,0.0,0.191131204,0.0,0.0
2018-04-05 18:00:00,22518.4,0.0,11.81,0.0,0.1934324259999999,0.0,0.0
2018-04-05 19:00:00,22635.2,0.0,10.05,0.0,0.19481473,0.0,0.0
2018-04-05 20:00:00,23449.6,0.0,8.49,0.0,0.1960399539999999,0.0,0.0
2018-04-05 21:00:00,23907.2,0.0,7.92,0.0,0.1964876319999999,0.0,0.0
2018-04-05 22:00:00,22806.4,0.0,7.55,0.0,0.1967782299999999,0.0,0.0
2018-04-05 23:00:00,20992.0,0.0,7.16,0.0,0.1970845359999999,0.0,0.0
2018-04-06 00:00:00,19294.4,0.0,6.54,0.0,0.197571484,0.0,0.0
2018-04-06 01:00:00,18067.2,0.0,5.77,0.0,0.198176242,0.0,0.0
2018-04-06 02:00:00,17411.2,0.0,5.07,0.0,0.1987260219999999,0.0,0.0
2018-04-06 03:00:00,17042.4,0.0,4.44,0.0,0.199220824,0.0,0.0
2018-04-06 16:00:00,24428.800000000003,0.0,16.8,159.59470769388284,0.1895132799999999,0.0,0.0
2018-04-06 17:00:00,24323.2,0.0,14.32,146.3146129083729,0.191461072,0.0,0.0
2018-04-06 18:00:00,24008.0,0.0,11.99,108.06165351939526,0.1932910539999999,0.0,0.0
2018-04-06 19:00:00,23928.0,0.0,10.61,112.7608079971022,0.194374906,0.0,0.0
2018-04-06 20:00:00,24550.4,0.0,9.31,129.65449558661825,0.1953959259999999,0.0,0.0
2018-04-06 21:00:00,24904.800000000003,0.0,8.81,178.9787365832951,0.195788626,0.0,0.0
2018-04-06 22:00:00,23888.800000000003,0.0,8.51,125.3865981133918,0.1960242459999999,0.0,0.0
2018-04-06 23:00:00,22200.800000000003,0.0,8.12,119.8736875868068,0.196330552,0.0,0.0
2018-04-07 00:00:00,20739.2,0.0,7.54,67.77238860352465,0.196786084,0.0,0.0
2018-04-07 01:00:00,19414.4,0.0,7.19,44.18906524837411,0.1970609739999999,0.0,0.0
2018-04-07 02:00:00,18782.4,0.0,6.65,10.963551458604831,0.19748509,0.0,0.0
2018-04-07 03:00:00,18478.4,0.0,6.12,17.10621871264105,0.1979013519999999,0.0,0.0
2018-04-07 16:00:00,23888.800000000003,0.0,17.18,0.0,0.189214828,0.0,0.0
2018-04-07 17:00:00,24281.6,0.0,14.84,23.123868684047487,0.1910526639999999,0.0,0.0
2018-04-07 18:00:00,24592.800000000003,0.0,12.83,30.749734263164456,0.192631318,0.0,0.0
2018-04-07 19:00:00,24807.2,0.0,12.1,0.0,0.19320466,0.0,0.0
2018-04-07 20:00:00,25431.2,0.0,11.52,57.46797199805901,0.193660192,0.0,0.0
2018-04-07 21:00:00,25676.800000000003,0.0,10.86,62.34071911858567,0.194178556,0.0,0.0
2018-04-07 22:00:00,24872.0,0.0,9.95,68.82303657134837,0.19489327,0.0,0.0
2018-04-07 23:00:00,23553.6,0.0,8.88,67.41879641040038,0.195733648,0.0,0.0
2018-04-08 00:00:00,22056.800000000003,0.0,7.97,31.033820299117878,0.196448362,0.0,0.0
2018-04-08 01:00:00,20802.4,0.0,7.26,5.455888216526025,0.1970059959999999,0.0,0.0
2018-04-08 02:00:00,20076.800000000003,0.0,6.94,5.627178282258792,0.1972573239999999,0.0,0.0
2018-04-08 03:00:00,19743.2,0.0,6.53,0.0,0.1975793379999999,0.0,0.0
2018-04-08 16:00:00,19340.0,0.0,14.08,28.213626307672403,0.191649568,0.0,0.0
2018-04-08 17:00:00,19589.6,0.0,12.86,51.50578996458513,0.1926077559999999,0.0,0.0
2018-04-08 18:00:00,19960.800000000003,0.0,11.77,109.42333653989678,0.193463842,0.0,0.0
2018-04-08 19:00:00,20291.2,0.0,10.83,135.59924501278218,0.1942021179999999,0.0,0.0
2018-04-08 20:00:00,21120.0,0.0,9.18,137.8493121284761,0.195498028,0.0,0.0
2018-04-08 21:00:00,22112.800000000003,0.0,7.88,72.4165721786956,0.196519048,0.0,0.0
2018-04-08 22:00:00,21716.0,0.0,7.62,29.67238579631449,0.196723252,0.0,0.0
2018-04-08 23:00:00,20832.0,0.0,7.55,22.896329516520456,0.1967782299999999,0.0,0.0
2018-04-09 00:00:00,19776.0,0.0,7.26,43.95350077762096,0.1970059959999999,0.0,0.0
2018-04-09 01:00:00,18832.0,0.0,6.92,26.35862353364738,0.197273032,0.0,0.0
2018-04-09 02:00:00,18310.4,0.0,6.53,15.645730207575085,0.1975793379999999,0.0,0.0
2018-04-09 03:00:00,18109.6,0.0,6.01,29.73491830442051,0.197987746,0.0,0.0
2018-04-09 16:00:00,18467.2,0.0,13.53,54.04668946252439,0.192081538,0.0,0.0
2018-04-09 17:00:00,18884.0,0.0,11.99,30.053863493586555,0.1932910539999999,0.0,0.0
2018-04-09 18:00:00,19529.6,0.0,11.29,46.96729005587871,0.193840834,0.0,0.0
2018-04-09 19:00:00,20049.6,0.0,10.67,27.254990502215,0.1943277819999999,0.0,0.0
2018-04-09 20:00:00,21028.0,0.0,9.85,73.89271881409307,0.19497181,0.0,0.0
2018-04-09 21:00:00,22032.800000000003,0.0,9.43,24.25260273103306,0.195301678,0.0,0.0
2018-04-09 22:00:00,21280.800000000003,0.0,8.48,0.8257460807160647,0.196047808,0.0,0.0
2018-04-09 23:00:00,19832.800000000003,0.0,7.64,0.0,0.1967075439999999,0.0,0.0
2018-04-10 00:00:00,18460.8,0.0,7.09,0.0,0.197139514,0.0,0.0
2018-04-10 01:00:00,17460.8,0.0,6.26,0.0,0.197791396,0.0,0.0
2018-04-10 02:00:00,16879.2,0.0,5.49,0.0,0.198396154,0.0,0.0
2018-04-10 03:00:00,16731.2,0.0,5.2,0.0,0.1986239199999999,0.0,0.0
2018-04-10 07:00:00,21499.2,0.0,14.08,0.0,0.191649568,0.0,0.0
2018-04-10 16:00:00,22510.4,0.0,14.77,9.245472086440648,0.1911076419999999,0.0,0.0
2018-04-10 17:00:00,22860.0,0.0,12.9,18.260624334768995,0.1925763399999999,0.0,0.0
2018-04-10 18:00:00,23188.0,0.0,11.75,4.5377744340237145,0.19347955,0.0,0.0
2018-04-10 19:00:00,23094.4,0.0,10.7,1.8279035480515156,0.19430422,0.0,0.0
2018-04-10 20:00:00,23592.800000000003,0.0,10.35,0.0,0.19457911,0.0,0.0
2018-04-10 21:00:00,24192.0,0.0,9.79,0.0,0.195018934,0.0,0.0
2018-04-10 22:00:00,23014.4,0.0,9.7,0.0,0.19508962,0.0,0.0
2018-04-10 23:00:00,21187.2,0.0,9.57,0.0,0.195191722,0.0,0.0
2018-04-11 00:00:00,19384.8,0.0,8.66,0.0,0.195906436,0.0,0.0
2018-04-11 01:00:00,17984.8,0.0,8.05,0.0,0.1963855299999999,0.0,0.0
2018-04-11 02:00:00,17149.600000000002,0.0,8.12,0.0,0.196330552,0.0,0.0
2018-04-11 03:00:00,16705.600000000002,0.0,8.82,0.0,0.195780772,0.0,0.0
2018-04-11 10:00:00,22300.0,0.0,19.38,0.0,0.187486948,0.0,0.0
2018-04-11 16:00:00,24397.6,0.88,17.64,0.0,0.1888151466666666,0.0,0.0
2018-04-11 17:00:00,24834.4,0.0,15.91,0.0,0.1902122859999999,0.0,0.0
2018-04-11 18:00:00,25145.6,0.0,13.94,0.0,0.191759524,0.0,0.0
2018-04-11 19:00:00,24987.2,0.0,15.47,0.0,0.190557862,0.0,0.0
2018-04-11 20:00:00,25185.6,0.0,15.05,3.36851040848602,0.19088773,0.0,0.0
2018-04-11 21:00:00,25662.4,0.0,14.48,0.5523572920812012,0.191335408,0.0,0.0
2018-04-11 22:00:00,24412.0,0.0,13.35,0.8955695146736163,0.19222291,0.0,0.0
2018-04-11 23:00:00,22347.2,0.0,13.17,3.917092769770547,0.192364282,0.0,0.0
2018-04-12 00:00:00,20416.800000000003,0.0,12.81,0.0,0.192647026,0.0,0.0
2018-04-12 01:00:00,18876.0,0.0,12.67,0.0,0.192756982,0.0,0.0
2018-04-12 02:00:00,17882.4,0.0,12.56,0.0,0.1928433759999999,0.0,0.0
2018-04-12 03:00:00,17361.600000000002,0.0,12.25,0.0,0.19308685,0.0,0.0
2018-04-12 16:00:00,23568.0,0.88,16.23,2.476118965411916,0.1899225606666666,0.0,0.0
2018-04-12 17:00:00,23840.800000000003,0.0,15.05,12.35777590171387,0.19088773,0.0,0.0
2018-04-12 18:00:00,24088.800000000003,0.0,13.62,0.0,0.192010852,0.0,0.0
2018-04-12 19:00:00,23974.4,0.0,11.89,0.0,0.193369594,0.0,0.0
2018-04-12 20:00:00,24049.6,0.0,10.92,0.0,0.194131432,0.0,0.0
2018-04-12 21:00:00,24519.2,0.0,10.34,0.0,0.194586964,0.0,0.0
2018-04-12 22:00:00,23343.2,0.0,10.28,0.0,0.1946340879999999,0.0,0.0
2018-04-12 23:00:00,21335.2,0.0,11.23,0.0,0.193887958,0.0,0.0
2018-04-13 00:00:00,19457.6,0.0,11.0,0.0,0.1940686,0.0,0.0
2018-04-13 01:00:00,18116.0,0.0,11.07,0.0,0.194013622,0.0,0.0
2018-04-13 02:00:00,17254.4,0.0,10.97,0.0,0.1940921619999999,0.0,0.0
2018-04-13 03:00:00,16798.4,0.0,10.7,0.0,0.19430422,0.0,0.0
2018-04-13 17:00:00,21981.6,0.0,15.84,6.845559406261114,0.190267264,0.0,0.0
2018-04-13 18:00:00,22228.0,0.0,14.15,2.662968474189037,0.19159459,0.0,0.0
2018-04-13 19:00:00,22155.2,0.0,12.55,0.925805992457066,0.1928512299999999,0.0,0.0
2018-04-13 20:00:00,22584.0,0.0,11.28,1.0491883051851465,0.193848688,0.0,0.0
2018-04-13 21:00:00,23051.2,0.0,10.31,1.109972097293641,0.1946105259999999,0.0,0.0
2018-04-13 22:00:00,22111.2,0.0,9.6,5.503725979218633,0.1951681599999999,0.0,0.0
2018-04-13 23:00:00,20520.800000000003,0.0,9.26,6.643200082211617,0.1954351959999999,0.0,0.0
2018-04-14 00:00:00,18908.8,0.0,8.91,7.197975686374771,0.195710086,0.0,0.0
2018-04-14 01:00:00,17662.4,0.0,8.33,6.585371983823405,0.1961656179999999,0.0,0.0
2018-04-14 02:00:00,16979.2,0.0,7.82,5.223299139066797,0.1965661719999999,0.0,0.0
2018-04-14 03:00:00,16650.4,0.0,7.26,1.148498970161821,0.1970059959999999,0.0,0.0
2018-04-14 16:00:00,20242.4,0.88,17.38,154.26497289501208,0.1890193506666666,0.0,0.0
2018-04-14 17:00:00,20537.6,0.0,15.81,178.56903394306798,0.190290826,0.0,0.0
2018-04-14 18:00:00,20902.4,0.0,14.49,171.49925095905684,0.1913275539999999,0.0,0.0
2018-04-14 19:00:00,20851.2,0.0,13.78,176.68114803460054,0.191885188,0.0,0.0
2018-04-14 20:00:00,21011.2,0.0,12.71,153.11257814474612,0.192725566,0.0,0.0
2018-04-14 21:00:00,21632.800000000003,0.0,11.91,172.86550428064007,0.193353886,0.0,0.0
2018-04-14 22:00:00,20925.6,0.0,11.03,173.30009505912005,0.194045038,0.0,0.0
2018-04-14 23:00:00,19684.0,0.0,10.16,177.76438212790993,0.194728336,0.0,0.0
2018-04-15 00:00:00,18334.4,0.0,9.26,178.83320219473032,0.1954351959999999,0.0,0.0
2018-04-15 01:00:00,17146.4,0.0,8.45,176.6212249623242,0.19607137,0.0,0.0
2018-04-15 02:00:00,16440.0,0.0,7.6,178.60240805149908,0.19673896,0.0,0.0
2018-04-15 03:00:00,16043.2,0.0,6.77,178.6905894044702,0.1973908419999999,0.0,0.0
2018-04-15 17:00:00,19714.4,0.0,14.1,178.90991536514568,0.19163386,0.0,0.0
2018-04-15 18:00:00,20080.0,0.0,12.45,178.95122991710136,0.1929297699999999,0.0,0.0
2018-04-15 19:00:00,20292.0,0.0,11.68,178.72813376110386,0.193534528,0.0,0.0
2018-04-15 20:00:00,20789.6,0.0,10.63,178.20064585479656,0.1943591979999999,0.0,0.0
2018-04-15 21:00:00,21472.800000000003,0.0,9.63,143.09706033260642,0.195144598,0.0,0.0
2018-04-15 22:00:00,20909.6,0.0,8.55,167.9884959908021,0.19599283,0.0,0.0
2018-04-15 23:00:00,19777.6,0.0,7.47,29.86554466180323,0.196841062,0.0,0.0
2018-04-16 00:00:00,18468.0,0.0,6.43,18.40499644848939,0.1976578779999999,0.0,0.0
2018-04-16 01:00:00,17109.600000000002,0.0,5.45,24.697169070528226,0.19842757,0.0,0.0
2018-04-16 02:00:00,16253.6,0.0,4.57,19.952217630188848,0.199118722,0.0,0.0
2018-04-16 03:00:00,15720.0,0.0,3.77,7.004013684422647,0.1997470419999999,0.0,0.0
2018-04-16 17:00:00,21642.4,0.0,13.24,17.864917483929435,0.192309304,0.0,0.0
2018-04-16 18:00:00,21752.0,0.0,10.7,24.61989218923669,0.19430422,0.0,0.0
2018-04-16 19:00:00,21943.2,0.0,9.21,31.853598356119235,0.1954744659999999,0.0,0.0
2018-04-16 20:00:00,22326.4,0.0,7.83,23.674042922416405,0.196558318,0.0,0.0
2018-04-16 21:00:00,23242.4,0.0,6.94,0.0,0.1972573239999999,0.0,0.0
2018-04-16 22:00:00,22612.800000000003,0.0,6.4,0.0,0.19768144,0.0,0.0
2018-04-16 23:00:00,21154.4,0.0,6.16,3.554648649003745,0.197869936,0.0,0.0
2018-04-17 00:00:00,19508.0,0.0,6.15,0.0,0.19787779,0.0,0.0
2018-04-17 01:00:00,18232.8,0.0,6.05,21.367371354927016,0.1979563299999999,0.0,0.0
2018-04-17 02:00:00,17331.2,0.0,5.45,17.39137307162589,0.19842757,0.0,0.0
2018-04-17 03:00:00,16748.0,0.0,4.09,33.12926697674883,0.199495714,0.0,0.0
2018-04-17 17:00:00,22995.2,0.0,14.82,14.232572201180746,0.191068372,0.0,0.0
2018-04-17 18:00:00,23181.6,0.0,12.39,84.53265249620264,0.192976894,0.0,0.0
2018-04-17 19:00:00,23149.6,0.0,10.81,46.211365893768345,0.1942178259999999,0.0,0.0
2018-04-17 20:00:00,23368.800000000003,0.0,9.53,18.86404197460192,0.195223138,0.0,0.0
2018-04-17 21:00:00,23886.4,0.0,8.55,2.78866236140541,0.19599283,0.0,0.0
2018-04-17 22:00:00,22723.2,0.0,7.89,0.0,0.196511194,0.0,0.0
2018-04-17 23:00:00,20798.4,0.0,7.67,0.0,0.1966839819999999,0.0,0.0
2018-04-18 00:00:00,19052.0,0.0,7.58,2.8596480702070752,0.196754668,0.0,0.0
2018-04-18 01:00:00,17749.600000000002,0.0,7.4,16.558414484514866,0.19689604,0.0,0.0
2018-04-18 02:00:00,16945.600000000002,0.0,6.97,16.258358155755534,0.197233762,0.0,0.0
2018-04-18 03:00:00,16572.8,0.0,6.37,39.50392171357266,0.197705002,0.0,0.0
2018-04-18 17:00:00,22335.2,0.0,17.91,99.81161149589532,0.188641486,0.0,0.0
2018-04-18 18:00:00,22534.4,0.0,17.12,84.53265249620264,0.189261952,0.0,0.0
2018-04-18 19:00:00,22464.0,0.0,16.05,85.99747642281885,0.19010233,0.0,0.0
2018-04-18 20:00:00,22726.4,0.0,13.71,158.5524972049801,0.191940166,0.0,0.0
2018-04-18 21:00:00,23476.0,0.0,11.61,120.19347531158316,0.193589506,0.0,0.0
2018-04-18 22:00:00,22442.4,0.0,10.57,178.5644757648006,0.194406322,0.0,0.0
2018-04-18 23:00:00,20560.800000000003,0.0,9.62,178.82377064501745,0.1951524519999999,0.0,0.0
2018-04-19 00:00:00,18852.0,0.0,9.04,178.8899612124112,0.195607984,0.0,0.0
2018-04-19 01:00:00,17637.600000000002,0.0,8.55,178.92069254727286,0.19599283,0.0,0.0
2018-04-19 02:00:00,16951.2,0.0,7.8,178.94731424800486,0.19658188,0.0,0.0
2018-04-19 03:00:00,16644.0,0.0,7.36,178.96250413462448,0.196927456,0.0,0.0
2018-04-19 17:00:00,22596.800000000003,0.0,14.91,137.6889272920989,0.1909976859999999,0.0,0.0
2018-04-19 18:00:00,23002.4,0.0,12.99,172.70556798840107,0.192505654,0.0,0.0
2018-04-19 19:00:00,23063.2,0.0,12.11,167.67417565538346,0.193196806,0.0,0.0
2018-04-19 20:00:00,23582.4,0.0,10.77,132.5623951105641,0.194249242,0.0,0.0
2018-04-19 21:00:00,23835.2,0.0,9.67,121.25698558563462,0.195113182,0.0,0.0
2018-04-19 22:00:00,22718.4,0.0,8.77,108.41757935431858,0.195820042,0.0,0.0
2018-04-19 23:00:00,20889.6,0.0,7.99,64.9866870501519,0.196432654,0.0,0.0
2018-04-20 00:00:00,19184.8,0.0,7.24,28.75281576071537,0.197021704,0.0,0.0
2018-04-20 01:00:00,17925.600000000002,0.0,6.47,0.4044579128768196,0.197626462,0.0,0.0
2018-04-20 02:00:00,17248.0,0.0,5.6,0.0,0.19830976,0.0,0.0
2018-04-20 03:00:00,16878.4,0.0,4.65,0.0,0.19905589,0.0,0.0
2018-04-20 17:00:00,23852.800000000003,0.0,6.44,173.67692062631198,0.1976500239999999,0.0,0.0
2018-04-20 18:00:00,23981.6,0.0,5.88,130.37300268164756,0.198089848,0.0,0.0
2018-04-20 19:00:00,23797.6,0.0,5.32,178.9028720098976,0.198529672,0.0,0.0
2018-04-20 20:00:00,24144.0,0.0,4.73,122.66798421568885,0.1989930579999999,0.0,0.0
2018-04-20 21:00:00,24497.6,0.0,4.04,69.64016276266888,0.199534984,0.0,0.0
2018-04-20 22:00:00,23279.2,0.0,3.45,177.2717473134082,0.1999983699999999,0.0,0.0
2018-04-20 23:00:00,21349.6,0.0,2.97,74.80220266799444,0.200375362,0.0,0.0
2018-04-21 00:00:00,19520.8,0.0,2.71,164.2099844177809,0.200579566,0.0,0.0
2018-04-21 01:00:00,18128.8,0.0,2.41,103.17926269990114,0.200815186,0.0,0.0
2018-04-21 02:00:00,17290.4,0.0,2.14,84.88138344069573,0.201027244,0.0,0.0
2018-04-21 03:00:00,16857.600000000002,0.0,1.91,46.32544460930268,0.201207886,0.0,0.0
2018-04-21 17:00:00,23183.2,0.0,9.35,19.065839860802956,0.1953645099999999,0.0,0.0
2018-04-21 18:00:00,22993.6,0.0,8.06,26.8249094107445,0.196377676,0.0,0.0
2018-04-21 19:00:00,22838.4,0.0,6.91,23.049963460550163,0.197280886,0.0,0.0
2018-04-21 20:00:00,22892.800000000003,0.0,5.94,10.534442465325332,0.1980427239999999,0.0,0.0
2018-04-21 21:00:00,23242.4,0.0,5.08,6.07375094756046,0.198718168,0.0,0.0
2018-04-21 22:00:00,22393.6,0.0,4.31,0.6789309830919369,0.1993229259999999,0.0,0.0
2018-04-21 23:00:00,20932.0,0.0,3.31,2.639165327837815,0.200108326,0.0,0.0
2018-04-22 00:00:00,19239.2,0.0,2.24,11.787403538967858,0.2009487039999999,0.0,0.0
2018-04-22 01:00:00,17907.2,0.0,2.0,17.646014306411075,0.2011372,0.0,0.0
2018-04-22 02:00:00,17035.2,0.0,1.93,20.01807027412729,0.201192178,0.0,0.0
2018-04-22 03:00:00,16524.0,0.0,2.35,19.166948680130247,0.20086231,0.0,0.0
2018-04-22 17:00:00,20372.800000000003,0.0,13.09,0.0,0.192427114,0.0,0.0
2018-04-22 18:00:00,20530.4,0.0,11.44,0.0,0.193723024,0.0,0.0
2018-04-22 19:00:00,20644.0,0.0,11.75,0.0,0.19347955,0.0,0.0
2018-04-22 20:00:00,21019.2,0.0,11.98,0.0,0.193298908,0.0,0.0
2018-04-22 21:00:00,21516.0,0.0,11.8,0.0,0.19344028,0.0,0.0
2018-04-22 22:00:00,20930.4,0.0,11.45,0.0,0.1937151699999999,0.0,0.0
2018-04-22 23:00:00,19841.6,0.0,11.0,0.0,0.1940686,0.0,0.0
2018-04-23 00:00:00,18635.2,0.0,10.52,0.0,0.194445592,0.0,0.0
2018-04-23 01:00:00,17598.4,0.0,10.13,0.0,0.1947518979999999,0.0,0.0
2018-04-23 02:00:00,16885.600000000002,0.0,9.78,0.0,0.195026788,0.0,0.0
2018-04-23 03:00:00,16528.8,0.0,9.39,10.571276879632231,0.1953330939999999,0.0,0.0
2018-04-23 17:00:00,19031.2,0.0,15.55,18.08627553139237,0.19049503,0.0,0.0
2018-04-23 18:00:00,19632.0,0.0,12.95,41.78029836752418,0.1925370699999999,0.0,0.0
2018-04-23 19:00:00,20143.2,0.0,11.34,52.06083302834383,0.193801564,0.0,0.0
2018-04-23 20:00:00,20887.2,0.0,10.24,26.113360811261437,0.194665504,0.0,0.0
2018-04-23 21:00:00,21796.0,0.0,9.2,26.787916642172707,0.19548232,0.0,0.0
2018-04-23 22:00:00,21082.4,0.0,8.22,26.10609621464776,0.196252012,0.0,0.0
2018-04-23 23:00:00,19585.6,0.0,7.73,16.633854759403413,0.1966368579999999,0.0,0.0
2018-04-24 00:00:00,18143.2,0.0,7.48,10.93716009134911,0.1968332079999999,0.0,0.0
2018-04-24 01:00:00,17048.0,0.0,7.2,11.740330650105218,0.19705312,0.0,0.0
2018-04-24 02:00:00,16480.0,0.0,7.1,10.329580537749052,0.19713166,0.0,0.0
2018-04-24 03:00:00,16233.6,0.0,6.85,4.506402105343464,0.1973280099999999,0.0,0.0
2018-04-24 17:00:00,22796.0,0.0,16.42,25.41423355062744,0.189811732,0.0,0.0
2018-04-24 18:00:00,23168.0,0.0,14.2,35.491203425026946,0.1915553199999999,0.0,0.0
2018-04-24 19:00:00,23278.4,0.0,13.58,22.70234781499473,0.192042268,0.0,0.0
2018-04-24 20:00:00,23629.6,0.0,11.87,15.974644896349256,0.193385302,0.0,0.0
2018-04-24 21:00:00,23979.2,0.0,10.58,7.246881393260818,0.1943984679999999,0.0,0.0
2018-04-24 22:00:00,22809.6,0.0,9.72,0.8720275770919568,0.1950739119999999,0.0,0.0
2018-04-24 23:00:00,20963.2,0.0,8.94,0.0,0.195686524,0.0,0.0
2018-04-25 00:00:00,19236.8,0.0,8.53,0.0,0.1960085379999999,0.0,0.0
2018-04-25 01:00:00,18049.6,0.0,8.07,0.0,0.196369822,0.0,0.0
2018-04-25 02:00:00,17402.4,0.0,7.46,0.0,0.1968489159999999,0.0,0.0
2018-04-25 03:00:00,17012.8,0.0,7.01,0.0,0.197202346,0.0,0.0
2018-04-25 17:00:00,23715.2,0.0,17.2,16.723160503423216,0.18919912,0.0,0.0
2018-04-25 18:00:00,24006.4,0.0,14.65,28.89045516631009,0.1912018899999999,0.0,0.0
2018-04-25 19:00:00,24026.4,0.0,13.29,27.21702487777625,0.1922700339999999,0.0,0.0
2018-04-25 20:00:00,24244.800000000003,0.0,12.08,13.125169761731817,0.193220368,0.0,0.0
2018-04-25 21:00:00,24269.6,0.0,11.08,21.6904913383506,0.194005768,0.0,0.0
2018-04-25 22:00:00,23144.0,0.0,10.33,29.44349796566979,0.1945948179999999,0.0,0.0
2018-04-25 23:00:00,21280.800000000003,0.0,9.77,22.12125433813901,0.195034642,0.0,0.0
2018-04-26 00:00:00,19506.4,0.0,9.38,16.54965575100903,0.195340948,0.0,0.0
2018-04-26 01:00:00,18232.0,0.0,8.85,24.002678786456134,0.19575721,0.0,0.0
2018-04-26 02:00:00,17486.4,0.0,8.21,24.32034198798446,0.1962598659999999,0.0,0.0
2018-04-26 03:00:00,17144.8,0.88,7.52,28.520378976113843,0.1967633946666666,0.0,0.0
2018-04-26 17:00:00,23047.2,0.0,18.36,0.8428348925823771,0.1882880559999999,0.0,0.0
2018-04-26 18:00:00,23194.4,0.0,16.25,21.64353361622607,0.1899452499999999,0.0,0.0
2018-04-26 19:00:00,23106.4,0.0,14.33,0.0,0.191453218,0.0,0.0
2018-04-26 20:00:00,23296.0,0.0,13.15,0.0,0.1923799899999999,0.0,0.0
2018-04-26 21:00:00,23949.6,0.0,12.26,0.0,0.193078996,0.0,0.0
2018-04-26 22:00:00,23031.2,0.0,11.74,0.0,0.1934874039999999,0.0,0.0
2018-04-26 23:00:00,21160.0,0.0,11.21,0.0,0.193903666,0.0,0.0
2018-04-27 00:00:00,19317.6,0.0,10.59,0.0,0.194390614,0.0,0.0
2018-04-27 01:00:00,18017.6,0.0,9.99,0.0,0.194861854,0.0,0.0
2018-04-27 02:00:00,17314.4,0.0,9.39,0.0,0.1953330939999999,0.0,0.0
2018-04-27 03:00:00,16883.2,0.88,8.92,0.259202538465724,0.1956638346666666,0.0,0.0
2018-04-27 17:00:00,24840.800000000003,0.0,18.93,132.15080131126862,0.187840378,0.0,0.0
2018-04-27 18:00:00,25036.0,0.0,17.57,147.7544517142199,0.188908522,0.0,0.0
2018-04-27 19:00:00,24808.800000000003,0.0,16.54,136.63977043046395,0.189717484,0.0,0.0
2018-04-27 20:00:00,24900.0,0.0,15.43,173.6366001451487,0.1905892779999999,0.0,0.0
2018-04-27 21:00:00,25449.6,0.0,14.56,177.24959893124156,0.1912725759999999,0.0,0.0
2018-04-27 22:00:00,24445.6,0.0,13.72,177.25461777646154,0.191932312,0.0,0.0
2018-04-27 23:00:00,22399.2,0.0,12.9,171.83188886724665,0.1925763399999999,0.0,0.0
2018-04-28 00:00:00,20392.800000000003,0.0,12.09,168.9077568946307,0.193212514,0.0,0.0
2018-04-28 01:00:00,18928.8,0.0,11.31,130.59725050502672,0.193825126,0.0,0.0
2018-04-28 02:00:00,17965.600000000002,0.0,10.49,153.13756326551484,0.1944691539999999,0.0,0.0
2018-04-28 03:00:00,17377.600000000002,0.88,9.61,159.86596779205186,0.1951219086666666,0.0,0.0
2018-04-28 17:00:00,27076.800000000003,0.0,18.59,159.6958483355985,0.188107414,0.0,0.0
2018-04-28 18:00:00,27276.0,0.0,16.86,178.95316956742792,0.189466156,0.0,0.0
2018-04-28 19:00:00,26791.2,0.0,15.71,174.35873196172602,0.190369366,0.0,0.0
2018-04-28 20:00:00,26125.6,0.0,14.54,177.33317361468713,0.191288284,0.0,0.0
2018-04-28 21:00:00,26274.4,0.0,13.67,178.59774076790106,0.191971582,0.0,0.0
2018-04-28 22:00:00,25242.4,0.0,12.87,173.4901201770497,0.192599902,0.0,0.0
2018-04-28 23:00:00,23351.2,0.0,12.08,163.7239201687604,0.193220368,0.0,0.0
2018-04-29 00:00:00,21376.0,0.0,11.36,149.19410867784902,0.193785856,0.0,0.0
2018-04-29 01:00:00,19714.4,0.0,10.6,114.00749399886791,0.19438276,0.0,0.0
2018-04-29 02:00:00,18627.2,0.0,9.7,78.74014743645101,0.19508962,0.0,0.0
2018-04-29 03:00:00,18004.0,0.88,8.57,5.65869419052375,0.1959387246666666,0.0,0.0
2018-04-29 17:00:00,27154.4,0.0,18.82,125.17277591051791,0.1879267719999999,0.0,0.0
2018-04-29 18:00:00,27136.800000000003,0.0,16.14,99.34048861579646,0.1900316439999999,0.0,0.0
2018-04-29 19:00:00,26940.800000000003,0.0,15.09,84.11659750115606,0.1908563139999999,0.0,0.0
2018-04-29 20:00:00,26589.6,0.0,13.48,79.9249646542072,0.192120808,0.0,0.0
2018-04-29 21:00:00,26764.0,0.0,11.67,68.9792511595235,0.1935423819999999,0.0,0.0
2018-04-29 22:00:00,25873.6,0.0,10.79,37.83690742463468,0.194233534,0.0,0.0
2018-04-29 23:00:00,24119.2,0.0,10.09,4.688004519033086,0.1947833139999999,0.0,0.0
2018-04-30 00:00:00,22236.0,0.0,9.24,0.0,0.1954509039999999,0.0,0.0
2018-04-30 01:00:00,20495.2,0.0,8.46,0.0,0.196063516,0.0,0.0
2018-04-30 02:00:00,19151.2,0.0,7.78,0.5788557284137831,0.196597588,0.0,0.0
2018-04-30 17:00:00,22886.4,0.0,20.83,38.0843977141925,0.1863481179999999,0.0,0.0
2018-04-30 18:00:00,23341.6,0.0,17.98,14.9785950545147,0.1885865079999999,0.0,0.0
2018-04-30 19:00:00,23347.2,0.0,14.47,6.52053235257502,0.191343262,0.0,0.0
2018-04-30 20:00:00,23313.6,0.0,13.11,0.0,0.1924114059999999,0.0,0.0
2018-04-30 21:00:00,23788.800000000003,0.0,11.88,8.190788736726835,0.1933774479999999,0.0,0.0
2018-04-30 22:00:00,22804.800000000003,0.0,11.05,6.374904012197851,0.19402933,0.0,0.0
2018-04-30 23:00:00,20960.0,0.0,10.23,7.319953930934343,0.194673358,0.0,0.0
2018-05-01 00:00:00,19159.2,0.0,9.53,21.477993552965305,0.195223138,0.0,0.0
2018-05-01 01:00:00,17869.600000000002,0.0,8.89,7.038508395523135,0.1957257939999999,0.0,0.0
2018-05-01 02:00:00,17095.2,0.0,8.24,0.1563140923315837,0.196236304,0.0,0.0
2018-05-01 17:00:00,26467.2,0.0,19.97,4.676436323257355,0.187023562,0.0,0.0
2018-05-01 18:00:00,26752.0,0.0,18.36,0.0,0.1882880559999999,0.0,0.0
2018-05-01 19:00:00,26567.2,0.0,16.08,8.11356034669352,0.190078768,0.0,0.0
2018-05-01 20:00:00,26552.0,0.0,14.79,0.6192893400612312,0.191091934,0.0,0.0
2018-05-01 21:00:00,26907.2,0.0,13.45,2.6291837054151306,0.1921443699999999,0.0,0.0
2018-05-01 22:00:00,25716.0,0.0,12.35,0.0,0.19300831,0.0,0.0
2018-05-01 23:00:00,23580.800000000003,0.0,11.55,0.0,0.19363663,0.0,0.0
2018-05-02 00:00:00,21547.2,0.0,10.76,0.0,0.194257096,0.0,0.0
2018-05-02 01:00:00,20056.800000000003,0.0,9.99,0.0,0.194861854,0.0,0.0
2018-05-02 02:00:00,19113.6,0.0,9.34,8.617886858144342,0.195372364,0.0,0.0
2018-05-02 17:00:00,24999.2,0.0,17.51,0.0,0.188955646,0.0,0.0
2018-05-02 18:00:00,25132.0,0.0,16.8,0.0,0.1895132799999999,0.0,0.0
2018-05-02 19:00:00,24752.800000000003,0.0,14.69,21.03743380367592,0.191170474,0.0,0.0
2018-05-02 20:00:00,24485.6,0.0,13.86,13.562248747896083,0.191822356,0.0,0.0
2018-05-02 21:00:00,24887.2,0.0,13.77,0.0,0.1918930419999999,0.0,0.0
2018-05-02 22:00:00,23920.0,0.0,11.88,0.0,0.1933774479999999,0.0,0.0
2018-05-02 23:00:00,21763.2,0.0,10.79,0.0,0.194233534,0.0,0.0
2018-05-03 00:00:00,19864.800000000003,0.0,10.21,0.0,0.194689066,0.0,0.0
2018-05-03 01:00:00,18301.6,0.0,9.91,0.0,0.1949246859999999,0.0,0.0
2018-05-03 02:00:00,17443.2,0.0,9.78,0.2923390918222689,0.195026788,0.0,0.0
2018-05-03 17:00:00,22308.0,0.0,19.85,44.62126177098199,0.18711781,0.0,0.0
2018-05-03 18:00:00,22544.800000000003,0.0,17.07,45.28117324192776,0.189301222,0.0,0.0
2018-05-03 19:00:00,22556.0,0.0,15.81,3.951770838440944,0.190290826,0.0,0.0
2018-05-03 20:00:00,22602.4,0.0,14.84,0.0,0.1910526639999999,0.0,0.0
2018-05-03 21:00:00,23389.6,0.0,13.83,0.4944733150947052,0.191845918,0.0,0.0
2018-05-03 22:00:00,22642.4,0.0,12.89,0.0,0.192584194,0.0,0.0
2018-05-03 23:00:00,20868.0,0.0,12.51,0.1109163183551499,0.192882646,0.0,0.0
2018-05-04 00:00:00,19040.8,0.0,12.33,0.0,0.193024018,0.0,0.0
2018-05-04 01:00:00,17800.0,0.0,12.23,0.0,0.193102558,0.0,0.0
2018-05-04 02:00:00,17108.0,0.0,12.16,0.0,0.193157536,0.0,0.0
2018-05-04 17:00:00,22203.2,0.0,20.36,67.46795442336432,0.186717256,0.0,0.0
2018-05-04 18:00:00,22407.2,0.0,18.56,80.51635797736694,0.188130976,0.0,0.0
2018-05-04 19:00:00,22473.6,0.0,18.31,95.36033826851532,0.188327326,0.0,0.0
2018-05-04 20:00:00,22798.4,0.0,17.23,24.67075345764342,0.1891755579999999,0.0,0.0
2018-05-04 21:00:00,23464.800000000003,0.0,16.13,5.983279519154979,0.190039498,0.0,0.0
2018-05-04 22:00:00,22576.0,0.0,14.79,21.00182152060999,0.191091934,0.0,0.0
2018-05-04 23:00:00,20807.2,0.0,13.33,0.0,0.1922386179999999,0.0,0.0
2018-05-05 00:00:00,19160.0,0.0,12.22,0.0,0.1931104119999999,0.0,0.0
2018-05-05 01:00:00,17952.8,0.0,11.41,0.0,0.193746586,0.0,0.0
2018-05-05 02:00:00,17318.4,0.0,10.81,0.0,0.1942178259999999,0.0,0.0
2018-05-05 17:00:00,23452.0,0.0,18.28,67.43890209831697,0.1883508879999999,0.0,0.0
2018-05-05 18:00:00,23366.4,0.0,16.89,22.524612200305693,0.189442594,0.0,0.0
2018-05-05 19:00:00,23057.6,0.0,15.1,4.751560647291923,0.19084846,0.0,0.0
2018-05-05 20:00:00,23013.6,0.0,14.35,110.68503058606426,0.19143751,0.0,0.0
2018-05-05 21:00:00,23238.4,0.0,13.47,43.41843308152192,0.1921286619999999,0.0,0.0
2018-05-05 22:00:00,22493.6,0.0,12.78,0.0,0.192670588,0.0,0.0
2018-05-05 23:00:00,21078.4,0.0,12.02,0.0,0.193267492,0.0,0.0
2018-05-06 00:00:00,19544.0,0.0,11.8,2.888020002288432,0.19344028,0.0,0.0
2018-05-06 01:00:00,18208.0,0.0,11.43,29.753829895104445,0.193730878,0.0,0.0
2018-05-06 02:00:00,17336.0,0.0,10.83,62.81601830829428,0.1942021179999999,0.0,0.0
2018-05-06 17:00:00,20074.4,0.0,14.78,0.0,0.191099788,0.0,0.0
2018-05-06 18:00:00,20257.6,0.0,13.81,16.45080177518636,0.1918616259999999,0.0,0.0
2018-05-06 19:00:00,20324.800000000003,0.0,12.6,121.68559981654565,0.19281196,0.0,0.0
2018-05-06 20:00:00,20436.800000000003,0.0,11.83,112.47266081827776,0.193416718,0.0,0.0
2018-05-06 21:00:00,21156.800000000003,0.0,10.74,117.2825935752602,0.194272804,0.0,0.0
2018-05-06 22:00:00,20816.800000000003,0.0,10.39,100.63305340919244,0.194547694,0.0,0.0
2018-05-06 23:00:00,19766.4,0.0,10.12,108.89828531931198,0.1947597519999999,0.0,0.0
2018-05-07 00:00:00,18520.8,0.0,10.12,109.25799347237204,0.1947597519999999,0.0,0.0
2018-05-07 01:00:00,17404.8,0.0,10.03,100.0346652220423,0.194830438,0.0,0.0
2018-05-07 02:00:00,16696.8,0.0,9.7,24.10797300750364,0.19508962,0.0,0.0
2018-05-07 17:00:00,19556.8,0.0,15.51,7.782048344903955,0.190526446,0.0,0.0
2018-05-07 18:00:00,20077.6,0.0,14.08,24.013177143848623,0.191649568,0.0,0.0
2018-05-07 19:00:00,20549.6,0.0,12.88,19.13069994930089,0.192592048,0.0,0.0
2018-05-07 20:00:00,21087.2,0.0,11.76,40.38563826076752,0.193471696,0.0,0.0
2018-05-07 21:00:00,21984.800000000003,0.0,10.93,54.58326341833029,0.194123578,0.0,0.0
2018-05-07 22:00:00,21494.4,0.0,9.86,39.20380628609244,0.194963956,0.0,0.0
2018-05-07 23:00:00,20098.4,0.0,9.28,31.48724083928344,0.1954194879999999,0.0,0.0
2018-05-08 00:00:00,18700.8,0.0,8.8,38.55786635890518,0.19579648,0.0,0.0
2018-05-08 01:00:00,17739.2,0.0,8.56,76.10807831175639,0.195984976,0.0,0.0
2018-05-08 02:00:00,17234.4,0.0,8.07,134.1422160559161,0.196369822,0.0,0.0
2018-05-08 17:00:00,22065.6,0.0,12.53,9.057438140799064,0.192866938,0.0,0.0
2018-05-08 18:00:00,22261.6,0.0,11.72,19.799001923260786,0.1935031119999999,0.0,0.0
2018-05-08 19:00:00,22379.2,0.0,11.41,13.495855123358735,0.193746586,0.0,0.0
2018-05-08 20:00:00,22669.6,0.0,10.91,3.698252479352612,0.194139286,0.0,0.0
2018-05-08 21:00:00,23510.4,0.0,10.38,25.62077751872124,0.194555548,0.0,0.0
2018-05-08 22:00:00,22849.6,0.0,9.98,33.38392184970037,0.194869708,0.0,0.0
2018-05-08 23:00:00,21080.0,0.0,9.72,36.24606077945766,0.1950739119999999,0.0,0.0
2018-05-09 00:00:00,19505.6,0.0,9.61,38.98995680688586,0.195160306,0.0,0.0
2018-05-09 01:00:00,18351.2,0.0,9.35,14.577063191288223,0.1953645099999999,0.0,0.0
2018-05-09 02:00:00,17753.600000000002,0.0,9.35,7.417306950781596,0.1953645099999999,0.0,0.0
2018-05-09 17:00:00,21984.800000000003,0.0,12.95,11.329961255078365,0.1925370699999999,0.0,0.0
2018-05-09 18:00:00,22255.2,0.0,11.98,0.8617435472721667,0.193298908,0.0,0.0
2018-05-09 19:00:00,22322.4,0.0,11.06,4.155581490693739,0.1940214759999999,0.0,0.0
2018-05-09 20:00:00,22472.0,0.0,10.42,16.088185661988256,0.194524132,0.0,0.0
2018-05-09 21:00:00,23295.2,0.0,9.73,30.265294471292183,0.195066058,0.0,0.0
2018-05-09 22:00:00,22655.2,0.0,9.24,52.919122236438376,0.1954509039999999,0.0,0.0
2018-05-09 23:00:00,20809.6,0.0,8.64,0.0,0.195922144,0.0,0.0
2018-05-10 00:00:00,19127.2,0.0,8.44,6.133133418075613,0.196079224,0.0,0.0
2018-05-10 01:00:00,17995.2,0.0,8.34,17.446604614674612,0.196157764,0.0,0.0
2018-05-10 02:00:00,17339.2,0.0,8.64,6.564491951128397,0.195922144,0.0,0.0
2018-05-10 17:00:00,22679.2,0.0,13.83,8.247937199824845,0.191845918,0.0,0.0
2018-05-10 18:00:00,22726.4,0.0,12.55,0.0,0.1928512299999999,0.0,0.0
2018-05-10 19:00:00,22582.4,0.0,11.7,0.0,0.19351882,0.0,0.0
2018-05-10 20:00:00,22666.4,0.0,10.55,0.0,0.19442203,0.0,0.0
2018-05-10 21:00:00,23442.4,0.0,10.45,0.0,0.19450057,0.0,0.0
2018-05-10 22:00:00,22711.2,0.0,10.51,0.0,0.1944534459999999,0.0,0.0
2018-05-10 23:00:00,20924.0,0.0,10.35,0.0,0.19457911,0.0,0.0
2018-05-11 00:00:00,19237.6,0.0,10.49,0.0,0.1944691539999999,0.0,0.0
2018-05-11 01:00:00,17927.2,0.0,10.25,0.0,0.19465765,0.0,0.0
2018-05-11 02:00:00,17224.0,0.0,9.25,0.0,0.19544305,0.0,0.0
2018-05-11 17:00:00,22844.0,0.0,14.27,17.827448894886928,0.1915003419999999,0.0,0.0
2018-05-11 18:00:00,22864.800000000003,0.0,13.28,7.31942734617769,0.192277888,0.0,0.0
2018-05-11 19:00:00,22774.4,0.0,11.89,18.911099709946395,0.193369594,0.0,0.0
2018-05-11 20:00:00,22929.6,0.0,11.29,45.05813770000273,0.193840834,0.0,0.0
2018-05-11 21:00:00,23556.0,0.0,10.76,35.71757577165437,0.194257096,0.0,0.0
2018-05-11 22:00:00,22770.4,0.0,10.01,91.7135168298526,0.1948461459999999,0.0,0.0
2018-05-11 23:00:00,21070.4,0.0,9.84,114.30457569200928,0.194979664,0.0,0.0
2018-05-12 00:00:00,19476.0,0.0,9.58,134.1436586708462,0.1951838679999999,0.0,0.0
2018-05-12 01:00:00,18204.0,0.0,9.25,105.64985593490984,0.19544305,0.0,0.0
2018-05-12 02:00:00,17518.4,0.0,9.14,135.78743958571644,0.1955294439999999,0.0,0.0
2018-05-12 17:00:00,21950.4,0.0,11.42,62.29449482674115,0.1937387319999999,0.0,0.0
2018-05-12 18:00:00,22082.4,0.0,10.41,85.8947416309909,0.194531986,0.0,0.0
2018-05-12 19:00:00,21979.2,0.0,9.73,100.64690978621302,0.195066058,0.0,0.0
2018-05-12 20:00:00,22041.6,0.0,9.35,132.26039155471912,0.1953645099999999,0.0,0.0
2018-05-12 21:00:00,22517.6,0.0,8.88,104.8538840549636,0.195733648,0.0,0.0
2018-05-12 22:00:00,21928.0,0.0,9.0,112.70523701524633,0.1956394,0.0,0.0
2018-05-12 23:00:00,20614.4,0.0,9.05,130.30229030443027,0.1956001299999999,0.0,0.0
2018-05-13 00:00:00,19153.6,0.0,8.82,133.4471423613942,0.195780772,0.0,0.0
2018-05-13 01:00:00,17900.8,0.0,8.66,117.52714711299572,0.195906436,0.0,0.0
2018-05-13 02:00:00,17189.600000000002,0.0,8.52,74.17158597838673,0.196016392,0.0,0.0
2018-05-13 17:00:00,20753.6,0.0,13.84,9.040977631680176,0.1918380639999999,0.0,0.0
2018-05-13 18:00:00,20814.4,0.0,12.32,5.298044625146977,0.193031872,0.0,0.0
2018-05-13 19:00:00,20912.0,0.0,10.29,0.0,0.194626234,0.0,0.0
2018-05-13 20:00:00,21083.2,0.0,8.72,0.0,0.195859312,0.0,0.0
2018-05-13 21:00:00,21628.800000000003,0.0,7.75,3.3692995279450475,0.19662115,0.0,0.0
2018-05-13 22:00:00,21317.6,0.0,7.06,4.7740613487559,0.197163076,0.0,0.0
2018-05-13 23:00:00,20276.800000000003,0.0,6.56,5.8160062722527845,0.197555776,0.0,0.0
2018-05-14 00:00:00,18998.4,0.0,6.15,0.5425171656344866,0.19787779,0.0,0.0
2018-05-14 01:00:00,17848.8,0.0,5.74,0.0,0.198199804,0.0,0.0
2018-05-14 02:00:00,17114.4,0.0,5.29,0.0,0.198553234,0.0,0.0
2018-05-14 17:00:00,19180.0,0.0,15.75,0.0,0.1903379499999999,0.0,0.0
2018-05-14 18:00:00,19588.0,0.0,14.15,0.0,0.19159459,0.0,0.0
2018-05-14 19:00:00,19887.2,0.0,12.92,0.0,0.192560632,0.0,0.0
2018-05-14 20:00:00,20340.0,0.0,12.34,0.0,0.193016164,0.0,0.0
2018-05-14 21:00:00,21288.0,0.0,12.62,0.0,0.192796252,0.0,0.0
2018-05-14 22:00:00,20984.800000000003,0.0,13.47,0.0,0.1921286619999999,0.0,0.0
2018-05-14 23:00:00,19770.4,0.0,13.18,0.0,0.1923564279999999,0.0,0.0
2018-05-15 00:00:00,18193.6,0.0,12.59,0.0,0.192819814,0.0,0.0
2018-05-15 01:00:00,17038.4,0.0,11.92,0.0,0.1933460319999999,0.0,0.0
2018-05-15 02:00:00,16427.2,0.0,11.31,8.770466874984887,0.193825126,0.0,0.0
2018-05-15 17:00:00,22527.2,0.0,17.82,0.0,0.1887121719999999,0.0,0.0
2018-05-15 18:00:00,22895.2,0.0,16.18,0.0,0.1900002279999999,0.0,0.0
2018-05-15 19:00:00,22958.4,0.0,15.35,7.049809889378958,0.19065211,0.0,0.0
2018-05-15 20:00:00,22967.2,0.0,15.96,40.47841719115335,0.190173016,0.0,0.0
2018-05-15 21:00:00,23530.4,0.0,16.08,59.420108823593694,0.190078768,0.0,0.0
2018-05-15 22:00:00,22900.0,0.0,14.3,80.30343286276909,0.19147678,0.0,0.0
2018-05-15 23:00:00,20994.4,0.0,14.7,153.39278488004643,0.1911626199999999,0.0,0.0
2018-05-16 00:00:00,19123.2,0.0,14.6,170.34517113756942,0.19124116,0.0,0.0
2018-05-16 01:00:00,17744.0,0.0,14.17,148.61706270569815,0.1915788819999999,0.0,0.0
2018-05-16 02:00:00,16928.8,0.0,14.0,147.45777007395864,0.1917123999999999,0.0,0.0
2018-05-16 17:00:00,24924.800000000003,0.0,19.33,7.237863534594137,0.187526218,0.0,0.0
2018-05-16 18:00:00,25217.6,0.0,17.91,26.52965826259883,0.188641486,0.0,0.0
2018-05-16 19:00:00,25148.800000000003,0.0,17.12,38.57441097005,0.189261952,0.0,0.0
2018-05-16 20:00:00,24976.800000000003,0.0,15.43,62.67733330994543,0.1905892779999999,0.0,0.0
2018-05-16 21:00:00,25223.2,0.0,14.89,118.44953570297535,0.191013394,0.0,0.0
2018-05-16 22:00:00,24533.6,0.0,15.07,130.08142474630782,0.1908720219999999,0.0,0.0
2018-05-16 23:00:00,22358.4,0.0,14.96,144.3313325722822,0.190958416,0.0,0.0
2018-05-17 00:00:00,20244.800000000003,0.0,14.72,133.0155459181061,0.191146912,0.0,0.0
2018-05-17 01:00:00,18610.4,0.0,15.05,149.38592797233125,0.19088773,0.0,0.0
2018-05-17 02:00:00,17648.8,0.0,15.05,124.59782718528292,0.19088773,0.0,0.0
2018-05-17 17:00:00,32805.6,0.0,21.04,28.02821998208259,0.1861831839999999,0.0,0.0
2018-05-17 18:00:00,33559.200000000004,0.0,19.37,7.0125489035354045,0.187494802,0.0,0.0
2018-05-17 19:00:00,33304.8,0.0,18.34,35.49068820540892,0.188303764,0.0,0.0
2018-05-17 20:00:00,32658.4,0.0,16.36,51.28834910157039,0.189858856,0.0,0.0
2018-05-17 21:00:00,32588.0,0.0,15.36,36.71610472906253,0.1906442559999999,0.0,0.0
2018-05-17 22:00:00,31498.4,0.0,14.58,19.32672282972493,0.191256868,0.0,0.0
2018-05-17 23:00:00,28741.6,0.0,13.63,35.34430825053022,0.1920029979999999,0.0,0.0
2018-05-18 00:00:00,26109.6,0.0,12.87,36.14952074586055,0.192599902,0.0,0.0
2018-05-18 01:00:00,23914.4,0.0,12.49,89.75100287507082,0.192898354,0.0,0.0
2018-05-18 02:00:00,22392.800000000003,0.0,12.23,7.659306363028302,0.193102558,0.0,0.0
2018-05-18 17:00:00,37478.4,0.0,17.68,0.0,0.1888221279999999,0.0,0.0
2018-05-18 18:00:00,37623.2,0.0,16.57,0.0,0.189693922,0.0,0.0
2018-05-18 19:00:00,36741.6,0.0,17.08,1.6773131881474987,0.189293368,0.0,0.0
2018-05-18 20:00:00,35696.8,0.0,15.98,13.964524648865046,0.1901573079999999,0.0,0.0
2018-05-18 21:00:00,35208.0,0.0,15.69,3.165739287580112,0.190385074,0.0,0.0
2018-05-18 22:00:00,33780.0,0.0,14.88,0.0,0.1910212479999999,0.0,0.0
2018-05-18 23:00:00,30808.800000000003,0.0,13.65,0.0,0.19198729,0.0,0.0
2018-05-19 00:00:00,27960.0,0.0,12.88,4.911759853071486,0.192592048,0.0,0.0
2018-05-19 01:00:00,25591.2,0.0,12.52,16.176776159950144,0.192874792,0.0,0.0
2018-05-19 02:00:00,23968.800000000003,0.0,12.41,0.4417279908312576,0.192961186,0.0,0.0
2018-05-19 17:00:00,37759.2,0.0,20.36,0.0,0.186717256,0.0,0.0
2018-05-19 18:00:00,37296.8,0.0,19.12,7.773274457879905,0.1876911519999999,0.0,0.0
2018-05-19 19:00:00,35897.6,0.0,17.29,1.0701501668783295,0.189128434,0.0,0.0
2018-05-19 20:00:00,33992.0,0.0,16.15,19.561328082777543,0.19002379,0.0,0.0
2018-05-19 21:00:00,32962.4,0.0,15.1,44.85193468606784,0.19084846,0.0,0.0
2018-05-19 22:00:00,31369.6,0.0,13.78,30.099072499713508,0.191885188,0.0,0.0
2018-05-19 23:00:00,28637.6,0.0,12.94,0.0,0.1925449239999999,0.0,0.0
2018-05-20 00:00:00,25740.0,0.0,12.15,0.0,0.19316539,0.0,0.0
2018-05-20 01:00:00,23214.4,0.0,11.66,3.971734840962217,0.193550236,0.0,0.0
2018-05-20 02:00:00,21482.4,0.0,11.44,0.0,0.193723024,0.0,0.0
2018-05-20 17:00:00,20854.4,0.0,17.11,64.52335913980262,0.1892698059999999,0.0,0.0
2018-05-20 18:00:00,20900.0,0.0,16.72,72.3953208848055,0.189576112,0.0,0.0
2018-05-20 19:00:00,20860.800000000003,0.0,14.77,47.02008188250107,0.1911076419999999,0.0,0.0
2018-05-20 20:00:00,20864.0,0.0,13.78,35.365895952524035,0.191885188,0.0,0.0
2018-05-20 21:00:00,21399.2,0.0,13.15,54.5863426132237,0.1923799899999999,0.0,0.0
2018-05-20 22:00:00,21109.6,0.0,13.39,49.06790105250407,0.192191494,0.0,0.0
2018-05-20 23:00:00,19960.800000000003,0.0,13.05,43.26253065582124,0.19245853,0.0,0.0
2018-05-21 00:00:00,18560.8,0.0,12.03,53.83341884771225,0.1932596379999999,0.0,0.0
2018-05-21 01:00:00,17273.600000000002,0.0,11.06,70.92299899739582,0.1940214759999999,0.0,0.0
2018-05-21 02:00:00,16425.600000000002,0.0,10.51,90.16736094048116,0.1944534459999999,0.0,0.0
2018-05-21 17:00:00,20059.2,0.0,19.64,105.9224616654932,0.187282744,0.0,0.0
2018-05-21 18:00:00,20610.4,0.0,17.73,132.78087247422172,0.1887828579999999,0.0,0.0
2018-05-21 19:00:00,20919.2,0.0,15.63,83.38751325043934,0.190432198,0.0,0.0
2018-05-21 20:00:00,21244.0,0.0,14.86,80.73354426127607,0.1910369559999999,0.0,0.0
2018-05-21 21:00:00,21923.2,0.0,14.17,59.567982915364624,0.1915788819999999,0.0,0.0
2018-05-21 22:00:00,21352.800000000003,0.0,13.31,45.97914125842125,0.192254326,0.0,0.0
2018-05-21 23:00:00,19882.4,0.0,12.67,70.54964661656975,0.192756982,0.0,0.0
2018-05-22 00:00:00,18352.0,0.0,12.16,52.75213046613607,0.193157536,0.0,0.0
2018-05-22 01:00:00,17268.8,0.0,11.7,84.92046133336872,0.19351882,0.0,0.0
2018-05-22 02:00:00,16650.4,0.0,11.32,61.04328701515137,0.1938172719999999,0.0,0.0
2018-05-22 17:00:00,23935.2,0.0,16.15,46.76098702872386,0.19002379,0.0,0.0
2018-05-22 18:00:00,24116.0,0.0,15.07,2.059756543365339,0.1908720219999999,0.0,0.0
2018-05-22 19:00:00,23904.0,0.0,15.94,5.2063268198714905,0.190188724,0.0,0.0
2018-05-22 20:00:00,23804.800000000003,0.0,14.92,12.391610677097756,0.190989832,0.0,0.0
2018-05-22 21:00:00,24070.4,0.0,14.14,0.0,0.191602444,0.0,0.0
2018-05-22 22:00:00,23344.800000000003,0.0,13.39,0.0,0.192191494,0.0,0.0
2018-05-22 23:00:00,21424.800000000003,0.0,12.4,0.0,0.1929690399999999,0.0,0.0
2018-05-23 00:00:00,19700.800000000003,0.0,12.0,0.0,0.1932832,0.0,0.0
2018-05-23 01:00:00,18307.2,0.0,11.57,0.9569670242682472,0.193620922,0.0,0.0
2018-05-23 02:00:00,17468.8,0.0,11.26,6.132403397337459,0.193864396,0.0,0.0
2018-05-23 17:00:00,23461.6,0.0,20.57,17.873115537262816,0.186552322,0.0,0.0
2018-05-23 18:00:00,23524.0,0.0,18.29,0.0,0.188343034,0.0,0.0
2018-05-23 19:00:00,23344.800000000003,0.0,16.78,0.0,0.189528988,0.0,0.0
2018-05-23 20:00:00,23414.4,0.0,15.64,15.788324813613388,0.1904243439999999,0.0,0.0
2018-05-23 21:00:00,23868.800000000003,0.0,14.62,21.711794154202728,0.191225452,0.0,0.0
2018-05-23 22:00:00,23134.4,0.0,13.96,13.870403116768845,0.191743816,0.0,0.0
2018-05-23 23:00:00,21226.4,0.0,13.35,6.317914661040684,0.19222291,0.0,0.0
2018-05-24 00:00:00,19484.8,0.0,12.88,13.607882052531972,0.192592048,0.0,0.0
2018-05-24 01:00:00,18050.4,0.0,12.49,15.268113626734298,0.192898354,0.0,0.0
2018-05-24 02:00:00,17320.8,0.0,12.0,0.0,0.1932832,0.0,0.0
2018-05-24 17:00:00,23843.2,0.0,19.23,59.53903363424075,0.1876047579999999,0.0,0.0
2018-05-24 18:00:00,23791.2,0.0,17.73,21.105232159348205,0.1887828579999999,0.0,0.0
2018-05-24 19:00:00,23474.4,0.0,14.45,10.693929455750617,0.19135897,0.0,0.0
2018-05-24 20:00:00,23416.800000000003,0.0,13.96,67.8164307887523,0.191743816,0.0,0.0
2018-05-24 21:00:00,23910.4,0.0,13.71,0.5549299332748263,0.191940166,0.0,0.0
2018-05-24 22:00:00,23147.2,0.0,13.24,0.0,0.192309304,0.0,0.0
2018-05-24 23:00:00,21293.6,0.0,12.66,40.92533687202127,0.192764836,0.0,0.0
2018-05-25 00:00:00,19498.4,0.0,12.04,44.41848042145133,0.1932517839999999,0.0,0.0
2018-05-25 01:00:00,18100.0,0.0,11.29,24.239414624164283,0.193840834,0.0,0.0
2018-05-25 02:00:00,17341.600000000002,0.0,10.91,111.61943288525424,0.194139286,0.0,0.0
2018-05-25 17:00:00,23909.6,0.0,17.51,111.36693890399462,0.188955646,0.0,0.0
2018-05-25 18:00:00,24142.4,0.0,16.21,85.728349940009,0.189976666,0.0,0.0
2018-05-25 19:00:00,23927.2,0.0,15.9,124.7514111227024,0.1902201399999999,0.0,0.0
2018-05-25 20:00:00,23671.2,0.0,15.05,133.2094503366889,0.19088773,0.0,0.0
2018-05-25 21:00:00,23820.0,0.0,14.36,106.49776195235016,0.191429656,0.0,0.0
2018-05-25 22:00:00,23008.800000000003,0.0,13.64,60.659351417231264,0.191995144,0.0,0.0
2018-05-25 23:00:00,21301.6,0.0,13.02,85.30965823279963,0.192482092,0.0,0.0
2018-05-26 00:00:00,19590.4,0.0,12.66,90.06546868426395,0.192764836,0.0,0.0
2018-05-26 01:00:00,18257.6,0.0,12.46,104.50888087594149,0.192921916,0.0,0.0
2018-05-26 02:00:00,17411.2,0.0,12.36,134.6812691272955,0.193000456,0.0,0.0
2018-05-26 17:00:00,24020.800000000003,0.0,15.13,134.48136391551466,0.190824898,0.0,0.0
2018-05-26 18:00:00,23956.800000000003,0.0,14.49,155.1399976485803,0.1913275539999999,0.0,0.0
2018-05-26 19:00:00,23491.2,0.0,13.95,175.5420156434424,0.1917516699999999,0.0,0.0
2018-05-26 20:00:00,23103.2,0.0,13.2,148.49515568267404,0.19234072,0.0,0.0
2018-05-26 21:00:00,23249.6,0.0,12.19,121.31249595341804,0.1931339739999999,0.0,0.0
2018-05-26 22:00:00,22880.0,0.0,11.61,67.97483354495195,0.193589506,0.0,0.0
2018-05-26 23:00:00,21410.4,0.0,11.39,135.70724716752807,0.193762294,0.0,0.0
2018-05-27 00:00:00,19699.2,0.0,10.44,125.45795299978003,0.1945084239999999,0.0,0.0
2018-05-27 01:00:00,18228.8,0.0,10.18,73.30753843338547,0.194712628,0.0,0.0
2018-05-27 02:00:00,17180.0,0.0,10.05,77.62186628630339,0.19481473,0.0,0.0
2018-05-27 17:00:00,21401.6,0.0,18.97,98.44724327197336,0.187808962,0.0,0.0
2018-05-27 18:00:00,21509.6,0.0,17.38,28.057099557022838,0.189057748,0.0,0.0
2018-05-27 19:00:00,21495.2,0.0,16.97,14.764575855904544,0.189379762,0.0,0.0
2018-05-27 20:00:00,21414.4,0.0,16.12,51.39510866782594,0.190047352,0.0,0.0
2018-05-27 21:00:00,21837.6,0.0,15.33,63.92064310786162,0.190667818,0.0,0.0
2018-05-27 22:00:00,21742.4,0.0,14.64,55.73779178395546,0.191209744,0.0,0.0
2018-05-27 23:00:00,20659.2,0.0,14.21,97.28923565857468,0.191547466,0.0,0.0
2018-05-28 00:00:00,19237.6,0.0,13.52,122.0766939364526,0.1920893919999999,0.0,0.0
2018-05-28 01:00:00,17838.4,0.0,12.66,116.98937905995768,0.192764836,0.0,0.0
2018-05-28 02:00:00,16931.2,0.0,11.58,71.57253940050175,0.193613068,0.0,0.0
2018-05-28 17:00:00,21491.2,0.0,16.47,58.47314122713211,0.189772462,0.0,0.0
2018-05-28 18:00:00,21485.6,0.0,15.58,70.39214094864613,0.190471468,0.0,0.0
2018-05-28 19:00:00,21302.4,0.0,15.28,123.51499314485312,0.190707088,0.0,0.0
2018-05-28 20:00:00,21227.2,0.0,14.76,65.33884268975319,0.191115496,0.0,0.0
2018-05-28 21:00:00,21520.0,0.0,14.33,67.55911798871252,0.191453218,0.0,0.0
2018-05-28 22:00:00,21084.800000000003,0.0,13.74,35.278214665652776,0.191916604,0.0,0.0
2018-05-28 23:00:00,20096.800000000003,0.0,13.01,23.793581450549617,0.192489946,0.0,0.0
2018-05-29 00:00:00,18669.6,0.0,12.64,27.714075427474818,0.192780544,0.0,0.0
2018-05-29 01:00:00,17443.2,0.0,12.15,15.874887770843308,0.19316539,0.0,0.0
2018-05-29 02:00:00,16624.0,0.0,11.85,22.312908459272865,0.1934010099999999,0.0,0.0
2018-05-29 17:00:00,21874.4,0.0,16.48,142.7220653104104,0.1897646079999999,0.0,0.0
2018-05-29 18:00:00,22176.800000000003,0.0,15.7,106.18355072226213,0.1903772199999999,0.0,0.0
2018-05-29 19:00:00,22156.0,0.0,15.2,126.6408366286168,0.19076992,0.0,0.0
2018-05-29 20:00:00,22199.2,0.0,14.48,68.5315616799321,0.191335408,0.0,0.0
2018-05-29 21:00:00,22621.6,0.0,13.86,140.9441212070149,0.191822356,0.0,0.0
2018-05-29 22:00:00,22276.800000000003,0.0,13.14,98.7043075543147,0.192387844,0.0,0.0
2018-05-29 23:00:00,20659.2,0.0,12.24,37.3625447223496,0.1930947039999999,0.0,0.0
2018-05-30 00:00:00,18956.0,0.0,11.95,16.957541484406796,0.1933224699999999,0.0,0.0
2018-05-30 01:00:00,17684.0,0.0,11.31,31.088633605064967,0.193825126,0.0,0.0
2018-05-30 02:00:00,16950.4,0.0,11.03,45.40501385387116,0.194045038,0.0,0.0
2018-05-30 17:00:00,23928.800000000003,0.0,17.83,131.63622420244724,0.188704318,0.0,0.0
2018-05-30 18:00:00,24079.2,0.0,16.33,94.79094179233958,0.189882418,0.0,0.0
2018-05-30 19:00:00,24021.6,0.0,15.32,91.95519119913448,0.1906756719999999,0.0,0.0
2018-05-30 20:00:00,23901.6,0.0,14.18,87.47128941641681,0.1915710279999999,0.0,0.0
2018-05-30 21:00:00,24032.800000000003,0.0,13.34,61.66794534141206,0.192230764,0.0,0.0
2018-05-30 22:00:00,23257.6,0.0,12.56,47.97859342910939,0.1928433759999999,0.0,0.0
2018-05-30 23:00:00,21435.2,0.0,11.91,11.088608140381908,0.193353886,0.0,0.0
2018-05-31 00:00:00,19712.800000000003,0.0,11.89,59.69266606291889,0.193369594,0.0,0.0
2018-05-31 01:00:00,18353.6,0.0,11.47,100.27027818405372,0.193699462,0.0,0.0
2018-05-31 02:00:00,17584.0,0.0,11.26,93.35834030677331,0.193864396,0.0,0.0
2018-05-31 17:00:00,27117.6,0.0,17.11,107.6036293404078,0.1892698059999999,0.0,0.0
2018-05-31 18:00:00,27548.0,0.0,15.72,96.91210702101948,0.1903615119999999,0.0,0.0
2018-05-31 19:00:00,27087.2,0.0,15.22,82.45568098793204,0.1907542119999999,0.0,0.0
2018-05-31 20:00:00,26578.4,0.0,14.55,107.21269281709016,0.19128043,0.0,0.0
2018-05-31 21:00:00,26433.6,0.0,13.83,80.9479604820627,0.191845918,0.0,0.0
2018-05-31 22:00:00,25897.6,0.0,13.41,50.77437207206938,0.192175786,0.0,0.0
2018-05-31 23:00:00,23661.6,0.0,13.12,22.91232405495545,0.1924035519999999,0.0,0.0
