LocalRep,GlobalIdx,Prob,spring_day,spring_night,summer_day,summer_night,fall_day,fall_night,winter_day,winter_night
0,3280,0.0096021947873799,0.0026666666666666666,0.0008888888888888888,182.99066666666664,183.01333333333332,5.187555555555556,182.87555555555556,0.0,183.01466666666667
1,1093,0.0097546105776558,183.036,0.0008888888888888888,182.99066666666664,183.01333333333332,5.187555555555556,182.87555555555556,0.0,183.01466666666667
2,5467,0.0080780368846212,183.036,0.0008888888888888888,182.99066666666664,183.01333333333332,5.187555555555556,182.87555555555556,0.0,183.01466666666667
3,3250,0.0074683737235177,0.0026666666666666666,0.0008888888888888888,182.99066666666664,183.01333333333332,174.46133333333333,182.87555555555556,182.99644444444445,183.01466666666667
4,3256,0.0073159579332418,0.0026666666666666666,0.0008888888888888888,182.99066666666664,183.01333333333332,174.46133333333333,182.87555555555556,182.99644444444445,183.01466666666667
5,2578,0.0076207895137936,0.0026666666666666666,183.0142222222222,182.99066666666664,183.01333333333332,64.36311111111111,182.87555555555556,0.0,183.01466666666667
6,4036,0.0070111263526901,0.0026666666666666666,0.0,182.99066666666664,183.01333333333332,64.36311111111111,182.87555555555556,0.0,183.01466666666667
7,2947,0.0088401158360006,0.0026666666666666666,0.0008888888888888888,0.19999999999999998,0.0,5.187555555555556,41.958666666666666,0.0,183.01466666666667
8,3127,0.0096021947873799,0.0026666666666666666,0.0008888888888888888,0.19999999999999998,0.0,5.187555555555556,49.26666666666666,0.0,183.01466666666667
9,3451,0.0096021947873799,0.0026666666666666666,0.0008888888888888888,0.0,0.0,5.187555555555556,49.26666666666666,0.0,183.01466666666667
10,3595,0.0089925316262764,0.0026666666666666666,0.0008888888888888888,0.0,0.0,5.187555555555556,41.958666666666666,0.0,183.01466666666667
11,778,0.0079256210943453,183.036,0.0008888888888888888,0.19999999999999998,0.0,5.187555555555556,49.26666666666666,0.0,183.01466666666667
12,922,0.0082304526748971,183.036,0.0008888888888888888,0.19999999999999998,0.0,5.187555555555556,41.958666666666666,0.0,183.01466666666667
13,1246,0.0089925316262764,183.036,0.0008888888888888888,0.0,0.0,5.187555555555556,41.958666666666666,0.0,183.01466666666667
14,1426,0.0088401158360006,183.036,0.0008888888888888888,0.0,0.0,5.187555555555556,49.26666666666666,0.0,183.01466666666667
15,5466,0.0064014631915866,183.036,0.0008888888888888888,182.99066666666664,183.01333333333332,5.187555555555556,182.87555555555556,0.0,4.6177777777777775
16,5468,0.0076207895137936,183.036,0.0008888888888888888,182.99066666666664,183.01333333333332,5.187555555555556,182.87555555555556,0.0,0.0
17,2523,0.0097546105776558,0.0026666666666666666,183.0142222222222,182.99066666666664,183.01333333333332,174.46133333333333,182.87555555555556,0.0,4.6177777777777775
18,2549,0.0088401158360006,0.0026666666666666666,183.0142222222222,182.99066666666664,183.01333333333332,5.187555555555556,182.87555555555556,182.99644444444445,0.0
19,4005,0.0086877000457247,0.0026666666666666666,0.0,182.99066666666664,183.01333333333332,5.187555555555556,182.87555555555556,182.99644444444445,4.6177777777777775
20,3983,0.0092973632068282,0.0026666666666666666,0.0,182.99066666666664,183.01333333333332,174.46133333333333,182.87555555555556,0.0,0.0
21,3309,0.0089925316262764,0.0026666666666666666,0.0008888888888888888,182.99066666666664,183.01333333333332,64.36311111111111,182.87555555555556,182.99644444444445,4.6177777777777775
22,3311,0.0088401158360006,0.0026666666666666666,0.0008888888888888888,182.99066666666664,183.01333333333332,64.36311111111111,182.87555555555556,182.99644444444445,0.0
23,5152,0.0074683737235177,183.036,0.0008888888888888888,0.19999999999999998,0.0,5.187555555555556,49.26666666666666,0.0,183.01466666666667
24,5296,0.0080780368846212,183.036,0.0008888888888888888,0.19999999999999998,0.0,5.187555555555556,41.958666666666666,0.0,183.01466666666667
25,5620,0.0067062947721383,183.036,0.0008888888888888888,0.0,0.0,5.187555555555556,41.958666666666666,0.0,183.01466666666667
26,5800,0.0073159579332418,183.036,0.0008888888888888888,0.0,0.0,5.187555555555556,49.26666666666666,0.0,183.01466666666667
27,2528,0.0054869684499314,0.0026666666666666666,183.0142222222222,182.99066666666664,183.01333333333332,174.46133333333333,182.87555555555556,182.99644444444445,0.0
28,2574,0.0054869684499314,0.0026666666666666666,183.0142222222222,182.99066666666664,183.01333333333332,64.36311111111111,182.87555555555556,182.99644444444445,4.6177777777777775
29,3984,0.0056393842402072,0.0026666666666666666,0.0,182.99066666666664,183.01333333333332,174.46133333333333,182.87555555555556,182.99644444444445,4.6177777777777775
30,4034,0.0065538789818625,0.0026666666666666666,0.0,182.99066666666664,183.01333333333332,64.36311111111111,182.87555555555556,182.99644444444445,0.0
31,366,0.0085352842554488,183.036,183.0142222222222,182.99066666666664,183.01333333333332,5.187555555555556,182.87555555555556,182.99644444444445,4.6177777777777775
32,1826,0.0076207895137936,183.036,0.0,182.99066666666664,183.01333333333332,5.187555555555556,182.87555555555556,182.99644444444445,0.0
33,1117,0.0073159579332418,183.036,0.0008888888888888888,182.99066666666664,183.01333333333332,64.36311111111111,182.87555555555556,182.99644444444445,183.01466666666667
34,4741,0.007163542142966,183.036,183.0142222222222,182.99066666666664,183.01333333333332,5.187555555555556,182.87555555555556,182.99644444444445,183.01466666666667
35,6199,0.0068587105624142,183.036,0.0,182.99066666666664,183.01333333333332,5.187555555555556,182.87555555555556,182.99644444444445,183.01466666666667
36,91,0.0067062947721383,183.036,183.0142222222222,0.19999999999999998,183.01333333333332,174.46133333333333,182.87555555555556,182.99644444444445,183.01466666666667
37,5923,0.0062490474013107,183.036,0.0,0.19999999999999998,183.01333333333332,174.46133333333333,182.87555555555556,182.99644444444445,183.01466666666667
38,1305,0.0079256210943453,183.036,0.0008888888888888888,0.0,183.01333333333332,174.46133333333333,182.87555555555556,182.99644444444445,4.6177777777777775
39,4951,0.0074683737235177,183.036,183.0142222222222,0.0,183.01333333333332,174.46133333333333,182.87555555555556,182.99644444444445,183.01466666666667
40,5401,0.007163542142966,183.036,0.0008888888888888888,182.99066666666664,0.0,64.36311111111111,41.958666666666666,182.99644444444445,183.01466666666667
41,5581,0.0070111263526901,183.036,0.0008888888888888888,182.99066666666664,0.0,64.36311111111111,49.26666666666666,182.99644444444445,183.01466666666667
42,395,0.0065538789818625,183.036,183.0142222222222,182.99066666666664,183.01333333333332,64.36311111111111,182.87555555555556,182.99644444444445,0.0
43,1851,0.0060966316110349,183.036,0.0,182.99066666666664,183.01333333333332,64.36311111111111,182.87555555555556,182.99644444444445,4.6177777777777775
44,581,0.0073159579332418,183.036,183.0142222222222,0.0,183.01333333333332,174.46133333333333,182.87555555555556,0.0,0.0
45,1551,0.007163542142966,183.036,0.0,0.19999999999999998,183.01333333333332,174.46133333333333,182.87555555555556,0.0,4.6177777777777775
46,3935,0.0062490474013107,0.0026666666666666666,0.0,182.99066666666664,0.0,5.187555555555556,49.26666666666666,182.99644444444445,0.0
47,4079,0.0067062947721383,0.0026666666666666666,0.0,182.99066666666664,0.0,5.187555555555556,41.958666666666666,182.99644444444445,0.0
48,4378,0.0068587105624142,183.036,183.0142222222222,0.19999999999999998,0.0,174.46133333333333,41.958666666666666,0.0,183.01466666666667
49,5668,0.007163542142966,183.036,0.0008888888888888888,0.0,0.0,64.36311111111111,49.26666666666666,182.99644444444445,183.01466666666667
50,2649,0.0080780368846212,0.0026666666666666666,183.0142222222222,182.99066666666664,0.0,64.36311111111111,41.958666666666666,0.0,4.6177777777777775
51,3409,0.0082304526748971,0.0026666666666666666,0.0008888888888888888,0.0,0.0,174.46133333333333,41.958666666666666,182.99644444444445,183.01466666666667
52,2941,0.0076207895137936,0.0026666666666666666,0.0008888888888888888,0.19999999999999998,0.0,174.46133333333333,49.26666666666666,182.99644444444445,183.01466666666667
53,3589,0.0083828684651729,0.0026666666666666666,0.0008888888888888888,0.0,0.0,174.46133333333333,49.26666666666666,182.99644444444445,183.01466666666667
54,4558,0.0065538789818625,183.036,183.0142222222222,0.19999999999999998,0.0,174.46133333333333,49.26666666666666,0.0,183.01466666666667
55,3085,0.0073159579332418,0.0026666666666666666,0.0008888888888888888,0.19999999999999998,0.0,174.46133333333333,41.958666666666666,182.99644444444445,183.01466666666667
56,2894,0.0074683737235177,0.0026666666666666666,183.0142222222222,0.0,0.0,64.36311111111111,41.958666666666666,0.0,0.0
57,6510,0.0068587105624142,183.036,0.0,0.0,0.0,5.187555555555556,41.958666666666666,0.0,4.6177777777777775
58,5164,0.0067062947721383,183.036,0.0008888888888888888,0.19999999999999998,0.0,64.36311111111111,41.958666666666666,182.99644444444445,183.01466666666667
59,5344,0.005944215820759,183.036,0.0008888888888888888,0.19999999999999998,0.0,64.36311111111111,49.26666666666666,182.99644444444445,183.01466666666667
60,2505,0.0073159579332418,0.0026666666666666666,183.0142222222222,182.99066666666664,0.0,64.36311111111111,49.26666666666666,0.0,4.6177777777777775
61,4176,0.0076207895137936,0.0026666666666666666,0.0,0.0,0.0,5.187555555555556,49.26666666666666,182.99644444444445,4.6177777777777775
62,1486,0.0070111263526901,183.036,0.0,0.19999999999999998,0.0,5.187555555555556,41.958666666666666,182.99644444444445,183.01466666666667
63,938,0.0060966316110349,183.036,0.0008888888888888888,0.19999999999999998,0.0,5.187555555555556,49.26666666666666,182.99644444444445,0.0
64,2720,0.0068587105624142,0.0026666666666666666,183.0142222222222,0.0,0.0,5.187555555555556,49.26666666666666,182.99644444444445,0.0
65,4328,0.0060966316110349,0.0026666666666666666,0.0,0.0,0.0,5.187555555555556,41.958666666666666,182.99644444444445,0.0
66,3870,0.005944215820759,0.0026666666666666666,0.0,0.19999999999999998,0.0,64.36311111111111,182.87555555555556,182.99644444444445,4.6177777777777775
67,2838,0.0073159579332418,0.0026666666666666666,183.0142222222222,0.0,0.0,174.46133333333333,41.958666666666666,0.0,4.6177777777777775
68,4072,0.0068587105624142,0.0026666666666666666,0.0,182.99066666666664,0.0,174.46133333333333,49.26666666666666,0.0,183.01466666666667
69,4523,0.0060966316110349,183.036,183.0142222222222,0.19999999999999998,183.01333333333332,64.36311111111111,182.87555555555556,0.0,0.0
70,4189,0.0070111263526901,0.0026666666666666666,0.0,0.0,0.0,64.36311111111111,41.958666666666666,0.0,183.01466666666667
71,4369,0.0068587105624142,0.0026666666666666666,0.0,0.0,0.0,64.36311111111111,49.26666666666666,0.0,183.01466666666667
72,32,0.0056393842402072,183.036,183.0142222222222,0.19999999999999998,0.0,5.187555555555556,41.958666666666666,0.0,0.0
73,2694,0.0068587105624142,0.0026666666666666666,183.0142222222222,0.0,0.0,174.46133333333333,49.26666666666666,0.0,4.6177777777777775
74,6332,0.0062490474013107,183.036,0.0,0.0,0.0,174.46133333333333,182.87555555555556,0.0,0.0
75,3721,0.0060966316110349,0.0026666666666666666,0.0,0.19999999999999998,0.0,64.36311111111111,49.26666666666666,0.0,183.01466666666667
76,2457,0.0054869684499314,0.0026666666666666666,183.0142222222222,182.99066666666664,0.0,5.187555555555556,41.958666666666666,182.99644444444445,4.6177777777777775
77,2637,0.0057918000304831,0.0026666666666666666,183.0142222222222,182.99066666666664,0.0,5.187555555555556,49.26666666666666,182.99644444444445,4.6177777777777775
78,3242,0.0053345526596555,0.0026666666666666666,0.0008888888888888888,182.99066666666664,183.01333333333332,174.46133333333333,41.958666666666666,182.99644444444445,0.0
79,6087,0.0054869684499314,183.036,0.0,182.99066666666664,0.0,174.46133333333333,182.87555555555556,0.0,4.6177777777777775
80,3680,0.0051821368693796,0.0026666666666666666,0.0,0.19999999999999998,0.0,5.187555555555556,41.958666666666666,182.99644444444445,0.0
81,2134,0.0057918000304831,183.036,0.0,0.0,0.0,5.187555555555556,41.958666666666666,182.99644444444445,183.01466666666667
82,943,0.0054869684499314,183.036,0.0008888888888888888,0.19999999999999998,0.0,5.187555555555556,49.26666666666666,182.99644444444445,183.01466666666667
83,1996,0.0050297210791037,183.036,0.0,0.0,0.0,5.187555555555556,49.26666666666666,182.99644444444445,183.01466666666667
84,3875,0.0054869684499314,0.0026666666666666666,0.0,0.19999999999999998,0.0,64.36311111111111,182.87555555555556,0.0,0.0
85,2952,0.0060966316110349,0.0026666666666666666,0.0008888888888888888,0.19999999999999998,0.0,5.187555555555556,182.87555555555556,182.99644444444445,4.6177777777777775
86,2741,0.0054869684499314,0.0026666666666666666,183.0142222222222,0.0,0.0,64.36311111111111,182.87555555555556,0.0,0.0
87,5765,0.0050297210791037,183.036,0.0008888888888888888,0.0,0.0,174.46133333333333,182.87555555555556,0.0,0.0
88,2914,0.0053345526596555,0.0026666666666666666,183.0142222222222,0.0,0.0,64.36311111111111,49.26666666666666,182.99644444444445,183.01466666666667
89,1362,0.0062490474013107,183.036,0.0008888888888888888,0.0,183.01333333333332,64.36311111111111,182.87555555555556,0.0,4.6177777777777775
90,762,0.0050297210791037,183.036,0.0008888888888888888,0.19999999999999998,0.0,5.187555555555556,41.958666666666666,182.99644444444445,4.6177777777777775
91,3078,0.0045724737082761,0.0026666666666666666,0.0008888888888888888,0.19999999999999998,0.0,174.46133333333333,41.958666666666666,182.99644444444445,4.6177777777777775
92,1130,0.0054869684499314,183.036,0.0008888888888888888,182.99066666666664,183.01333333333332,64.36311111111111,49.26666666666666,0.0,0.0
93,5733,0.0053345526596555,183.036,0.0008888888888888888,0.0,183.01333333333332,64.36311111111111,182.87555555555556,182.99644444444445,4.6177777777777775
94,3783,0.0042676421277244,0.0026666666666666666,0.0,0.19999999999999998,183.01333333333332,64.36311111111111,41.958666666666666,0.0,4.6177777777777775
95,5966,0.0045724737082761,183.036,0.0,0.19999999999999998,183.01333333333332,5.187555555555556,49.26666666666666,182.99644444444445,0.0
96,2237,0.0045724737082761,0.0026666666666666666,183.0142222222222,0.19999999999999998,0.0,5.187555555555556,49.26666666666666,0.0,0.0
97,4491,0.0054869684499314,183.036,183.0142222222222,0.19999999999999998,183.01333333333332,5.187555555555556,182.87555555555556,182.99644444444445,4.6177777777777775
98,983,0.0045724737082761,183.036,0.0008888888888888888,182.99066666666664,0.0,174.46133333333333,182.87555555555556,182.99644444444445,0.0
99,4974,0.0045724737082761,183.036,183.0142222222222,0.0,183.01333333333332,5.187555555555556,41.958666666666666,182.99644444444445,4.6177777777777775
100,5523,0.0050297210791037,183.036,0.0008888888888888888,182.99066666666664,0.0,174.46133333333333,182.87555555555556,182.99644444444445,4.6177777777777775
101,2029,0.004724889498552,183.036,0.0,0.0,183.01333333333332,174.46133333333333,41.958666666666666,0.0,183.01466666666667
102,2324,0.0045724737082761,0.0026666666666666666,183.0142222222222,0.19999999999999998,183.01333333333332,64.36311111111111,41.958666666666666,182.99644444444445,0.0
103,442,0.0050297210791037,183.036,183.0142222222222,182.99066666666664,0.0,5.187555555555556,182.87555555555556,182.99644444444445,183.01466666666667
104,1195,0.0042676421277244,183.036,0.0008888888888888888,182.99066666666664,0.0,64.36311111111111,41.958666666666666,182.99644444444445,183.01466666666667
105,2310,0.004724889498552,0.0026666666666666666,183.0142222222222,0.19999999999999998,183.01333333333332,5.187555555555556,182.87555555555556,182.99644444444445,4.6177777777777775
106,966,0.004724889498552,183.036,0.0008888888888888888,0.19999999999999998,0.0,64.36311111111111,49.26666666666666,0.0,4.6177777777777775
107,3611,0.004724889498552,0.0026666666666666666,0.0008888888888888888,0.0,0.0,5.187555555555556,49.26666666666666,182.99644444444445,0.0
108,529,0.0044200579180003,183.036,183.0142222222222,0.0,0.0,5.187555555555556,182.87555555555556,182.99644444444445,183.01466666666667
109,1074,0.0042676421277244,183.036,0.0008888888888888888,182.99066666666664,183.01333333333332,174.46133333333333,49.26666666666666,0.0,4.6177777777777775
110,4733,0.0050297210791037,183.036,183.0142222222222,182.99066666666664,183.01333333333332,5.187555555555556,41.958666666666666,182.99644444444445,0.0
111,6467,0.0041152263374485,183.036,0.0,0.0,183.01333333333332,64.36311111111111,182.87555555555556,0.0,0.0
112,2363,0.0044200579180003,0.0026666666666666666,183.0142222222222,0.19999999999999998,0.0,174.46133333333333,182.87555555555556,0.0,0.0
113,1419,0.004724889498552,183.036,0.0008888888888888888,0.0,0.0,5.187555555555556,182.87555555555556,182.99644444444445,4.6177777777777775
114,5365,0.0036579789666209,183.036,0.0008888888888888888,182.99066666666664,0.0,174.46133333333333,49.26666666666666,182.99644444444445,183.01466666666667
115,2048,0.0041152263374485,183.036,0.0,0.0,183.01333333333332,174.46133333333333,49.26666666666666,0.0,0.0
116,3888,0.0044200579180003,0.0026666666666666666,0.0,182.99066666666664,0.0,174.46133333333333,41.958666666666666,182.99644444444445,4.6177777777777775
117,6207,0.0038103947568968,183.036,0.0,182.99066666666664,183.01333333333332,5.187555555555556,49.26666666666666,182.99644444444445,4.6177777777777775
118,6490,0.0039628105471726,183.036,0.0,0.0,0.0,174.46133333333333,182.87555555555556,182.99644444444445,183.01466666666667
119,67,0.0044200579180003,183.036,183.0142222222222,0.19999999999999998,0.0,64.36311111111111,182.87555555555556,0.0,183.01466666666667
120,827,0.0044200579180003,183.036,0.0008888888888888888,0.19999999999999998,183.01333333333332,174.46133333333333,182.87555555555556,182.99644444444445,0.0
121,4807,0.0041152263374485,183.036,183.0142222222222,182.99066666666664,0.0,5.187555555555556,41.958666666666666,182.99644444444445,183.01466666666667
122,5222,0.0044200579180003,183.036,0.0008888888888888888,0.19999999999999998,183.01333333333332,5.187555555555556,182.87555555555556,182.99644444444445,0.0
123,4751,0.0039628105471726,183.036,183.0142222222222,182.99066666666664,183.01333333333332,5.187555555555556,49.26666666666666,182.99644444444445,0.0
124,4690,0.0044200579180003,183.036,183.0142222222222,182.99066666666664,0.0,64.36311111111111,49.26666666666666,182.99644444444445,183.01466666666667
125,631,0.0041152263374485,183.036,183.0142222222222,0.0,183.01333333333332,64.36311111111111,182.87555555555556,182.99644444444445,183.01466666666667
126,1031,0.0036579789666209,183.036,0.0008888888888888888,182.99066666666664,0.0,64.36311111111111,41.958666666666666,0.0,0.0
127,1909,0.0044200579180003,183.036,0.0,182.99066666666664,0.0,5.187555555555556,49.26666666666666,182.99644444444445,183.01466666666667
128,412,0.0036579789666209,183.036,183.0142222222222,182.99066666666664,0.0,174.46133333333333,41.958666666666666,182.99644444444445,183.01466666666667
129,5958,0.0042676421277244,183.036,0.0,0.19999999999999998,183.01333333333332,5.187555555555556,49.26666666666666,182.99644444444445,4.6177777777777775
130,2420,0.0041152263374485,0.0026666666666666666,183.0142222222222,0.19999999999999998,0.0,64.36311111111111,182.87555555555556,182.99644444444445,0.0
131,4110,0.0042676421277244,0.0026666666666666666,0.0,182.99066666666664,0.0,64.36311111111111,41.958666666666666,182.99644444444445,4.6177777777777775
132,5117,0.0041152263374485,183.036,0.0008888888888888888,0.19999999999999998,0.0,174.46133333333333,182.87555555555556,0.0,0.0
133,5726,0.0038103947568968,183.036,0.0008888888888888888,0.0,183.01333333333332,64.36311111111111,41.958666666666666,182.99644444444445,0.0
134,5920,0.0033531473860691,183.036,0.0,0.19999999999999998,183.01333333333332,174.46133333333333,41.958666666666666,182.99644444444445,183.01466666666667
135,6144,0.0036579789666209,183.036,0.0,182.99066666666664,0.0,64.36311111111111,182.87555555555556,182.99644444444445,4.6177777777777775
136,246,0.003505563176345,183.036,183.0142222222222,182.99066666666664,0.0,174.46133333333333,41.958666666666666,0.0,4.6177777777777775
137,428,0.003505563176345,183.036,183.0142222222222,182.99066666666664,0.0,174.46133333333333,49.26666666666666,0.0,0.0
138,2490,0.003505563176345,0.0026666666666666666,183.0142222222222,182.99066666666664,0.0,64.36311111111111,41.958666666666666,182.99644444444445,4.6177777777777775
139,3212,0.0038103947568968,0.0026666666666666666,0.0008888888888888888,182.99066666666664,0.0,5.187555555555556,49.26666666666666,182.99644444444445,0.0
140,5731,0.0036579789666209,183.036,0.0008888888888888888,0.0,183.01333333333332,64.36311111111111,41.958666666666666,182.99644444444445,183.01466666666667
141,1764,0.0036579789666209,183.036,0.0,182.99066666666664,0.0,64.36311111111111,182.87555555555556,182.99644444444445,4.6177777777777775
142,2093,0.0036579789666209,183.036,0.0,0.0,183.01333333333332,64.36311111111111,182.87555555555556,0.0,0.0
143,4989,0.0036579789666209,183.036,183.0142222222222,0.0,183.01333333333332,5.187555555555556,49.26666666666666,0.0,4.6177777777777775
144,1161,0.0033531473860691,183.036,0.0008888888888888888,182.99066666666664,0.0,5.187555555555556,41.958666666666666,182.99644444444445,4.6177777777777775
145,1717,0.0036579789666209,183.036,0.0,182.99066666666664,0.0,174.46133333333333,182.87555555555556,182.99644444444445,183.01466666666667
146,1550,0.0033531473860691,183.036,0.0,0.19999999999999998,183.01333333333332,174.46133333333333,182.87555555555556,182.99644444444445,0.0
147,5370,0.0038103947568968,183.036,0.0008888888888888888,182.99066666666664,0.0,174.46133333333333,49.26666666666666,182.99644444444445,4.6177777777777775
148,855,0.003505563176345,183.036,0.0008888888888888888,0.19999999999999998,183.01333333333332,5.187555555555556,49.26666666666666,182.99644444444445,4.6177777777777775
149,3431,0.003505563176345,0.0026666666666666666,0.0008888888888888888,0.0,0.0,5.187555555555556,41.958666666666666,182.99644444444445,0.0
150,3858,0.0032007315957933,0.0026666666666666666,0.0,0.19999999999999998,0.0,5.187555555555556,49.26666666666666,182.99644444444445,4.6177777777777775
151,5968,0.0033531473860691,183.036,0.0,0.19999999999999998,183.01333333333332,64.36311111111111,41.958666666666666,182.99644444444445,183.01466666666667
152,808,0.003505563176345,183.036,0.0008888888888888888,0.19999999999999998,0.0,64.36311111111111,49.26666666666666,182.99644444444445,183.01466666666667
153,4265,0.0032007315957933,0.0026666666666666666,0.0,0.0,183.01333333333332,5.187555555555556,49.26666666666666,182.99644444444445,0.0
154,4233,0.003505563176345,0.0026666666666666666,0.0,0.0,183.01333333333332,174.46133333333333,49.26666666666666,0.0,4.6177777777777775
155,262,0.0030483158055174,183.036,183.0142222222222,182.99066666666664,0.0,174.46133333333333,49.26666666666666,182.99644444444445,183.01466666666667
156,2423,0.0028959000152415,0.0026666666666666666,183.0142222222222,0.19999999999999998,0.0,64.36311111111111,49.26666666666666,182.99644444444445,0.0
157,4533,0.0032007315957933,183.036,183.0142222222222,0.19999999999999998,183.01333333333332,64.36311111111111,49.26666666666666,182.99644444444445,4.6177777777777775
158,3628,0.003505563176345,0.0026666666666666666,0.0008888888888888888,0.0,0.0,64.36311111111111,182.87555555555556,182.99644444444445,183.01466666666667
159,5217,0.003505563176345,183.036,0.0008888888888888888,0.19999999999999998,183.01333333333332,5.187555555555556,41.958666666666666,182.99644444444445,4.6177777777777775
160,4718,0.0032007315957933,183.036,183.0142222222222,182.99066666666664,183.01333333333332,174.46133333333333,49.26666666666666,182.99644444444445,0.0
161,6011,0.0028959000152415,183.036,0.0,0.19999999999999998,0.0,174.46133333333333,182.87555555555556,182.99644444444445,0.0
162,1250,0.0033531473860691,183.036,0.0008888888888888888,0.0,0.0,5.187555555555556,41.958666666666666,182.99644444444445,0.0
163,1139,0.0030483158055174,183.036,0.0008888888888888888,182.99066666666664,0.0,174.46133333333333,41.958666666666666,0.0,0.0
164,5427,0.0028959000152415,183.036,0.0008888888888888888,182.99066666666664,183.01333333333332,174.46133333333333,41.958666666666666,182.99644444444445,4.6177777777777775
165,6308,0.0030483158055174,183.036,0.0,182.99066666666664,0.0,64.36311111111111,182.87555555555556,182.99644444444445,0.0
166,105,0.0028959000152415,183.036,183.0142222222222,0.19999999999999998,183.01333333333332,174.46133333333333,49.26666666666666,182.99644444444445,4.6177777777777775
167,4958,0.0033531473860691,183.036,183.0142222222222,0.0,183.01333333333332,174.46133333333333,182.87555555555556,182.99644444444445,0.0
168,111,0.0028959000152415,183.036,183.0142222222222,0.19999999999999998,183.01333333333332,5.187555555555556,41.958666666666666,0.0,4.6177777777777775
169,4173,0.0028959000152415,0.0026666666666666666,0.0,0.0,0.0,5.187555555555556,182.87555555555556,182.99644444444445,4.6177777777777775
170,6107,0.0028959000152415,183.036,0.0,182.99066666666664,0.0,5.187555555555556,41.958666666666666,0.0,0.0
171,6472,0.0028959000152415,183.036,0.0,0.0,183.01333333333332,64.36311111111111,49.26666666666666,182.99644444444445,183.01466666666667
172,1280,0.0030483158055174,183.036,0.0008888888888888888,0.0,0.0,64.36311111111111,182.87555555555556,182.99644444444445,0.0
173,5526,0.0025910684346898,183.036,0.0008888888888888888,182.99066666666664,0.0,174.46133333333333,49.26666666666666,182.99644444444445,4.6177777777777775
174,1866,0.0028959000152415,183.036,0.0,182.99066666666664,0.0,174.46133333333333,41.958666666666666,0.0,4.6177777777777775
175,3664,0.0028959000152415,0.0026666666666666666,0.0,0.19999999999999998,0.0,174.46133333333333,49.26666666666666,182.99644444444445,183.01466666666667
176,2782,0.0030483158055174,0.0026666666666666666,183.0142222222222,0.0,183.01333333333332,5.187555555555556,41.958666666666666,182.99644444444445,183.01466666666667
177,6033,0.0028959000152415,183.036,0.0,0.19999999999999998,0.0,5.187555555555556,182.87555555555556,0.0,4.6177777777777775
178,1499,0.0028959000152415,183.036,0.0,0.19999999999999998,0.0,5.187555555555556,182.87555555555556,0.0,0.0
179,2990,0.0025910684346898,0.0026666666666666666,0.0008888888888888888,0.19999999999999998,0.0,64.36311111111111,49.26666666666666,182.99644444444445,0.0
180,947,0.0027434842249657,183.036,0.0008888888888888888,0.19999999999999998,0.0,64.36311111111111,41.958666666666666,182.99644444444445,0.0
181,1600,0.0024386526444139,183.036,0.0,0.19999999999999998,183.01333333333332,64.36311111111111,41.958666666666666,182.99644444444445,183.01466666666667
182,6403,0.0027434842249657,183.036,0.0,0.0,183.01333333333332,174.46133333333333,41.958666666666666,0.0,183.01466666666667
183,1421,0.0024386526444139,183.036,0.0008888888888888888,0.0,0.0,5.187555555555556,182.87555555555556,182.99644444444445,0.0
184,4846,0.0028959000152415,183.036,183.0142222222222,182.99066666666664,0.0,64.36311111111111,182.87555555555556,0.0,183.01466666666667
185,2435,0.0025910684346898,0.0026666666666666666,183.0142222222222,182.99066666666664,0.0,174.46133333333333,41.958666666666666,0.0,0.0
